timestamp,lat,lon,hour,day_of_week,is_weekend,is_peak_hour,temperature,weather_condition,congestion_level
2025-10-26 15:27:18.184668,40.65777655108361,-73.95445669275496,15,6,1,0,8.021935734460444,Rain,3
2025-10-24 16:03:18.184905,40.51170371102554,-74.05528034249635,16,4,0,0,15.173812035519953,Clear,2
2025-10-26 10:06:18.184975,40.8590378120346,-73.85212850323855,10,6,1,0,20.222218266119828,Clear,0
2025-10-23 08:55:18.185007,40.669995393582376,-74.08024068371192,8,3,0,1,34.65648768921554,Clear,3
2025-10-24 19:55:18.185031,40.72704646023867,-74.00946521842276,19,4,0,1,24.17011109663175,Clear,4
2025-10-25 08:10:18.185053,40.65277461498941,-73.91125601789534,8,5,1,1,13.982933877706031,Clear,3
2025-10-28 07:27:18.185074,40.82582281938971,-73.96868810852706,7,1,0,1,8.068417705109077,Clear,3
2025-10-26 20:12:18.185094,40.733686359500474,-74.20196701238798,20,6,1,0,22.186383160538625,Clear,1
2025-10-26 21:26:18.185114,40.61189146571349,-74.16432942135368,21,6,1,0,15.393612290402125,Clear,1
2025-10-24 23:16:18.185133,40.56180427177834,-73.93384975376414,23,4,0,0,1.2432322779348297,Clear,0
2025-10-23 11:12:18.185153,40.815899952249595,-73.91287198808838,11,3,0,0,17.928341098954256,Rain,2
2025-10-25 21:21:18.185172,40.62316648168707,-74.0171987820507,21,5,1,0,32.12172342133126,Clear,1
2025-10-23 11:48:18.185192,40.79627954192304,-73.9763438615671,11,3,0,0,23.61636025047634,Clear,1
2025-10-24 06:17:18.185214,40.619423715908795,-73.9275791812346,6,4,0,0,18.494661417402174,Clear,1
2025-10-27 01:15:18.185233,40.72150470682382,-74.03590073504658,1,0,0,0,29.035324906258424,Clear,1
2025-10-26 20:31:18.185253,40.800070509799056,-73.77727740170427,20,6,1,0,21.35753829476486,Clear,1
2025-10-23 18:54:18.185272,40.742105924564555,-73.9163369616289,18,3,0,1,18.947428659988205,Clear,3
2025-10-24 02:44:18.185291,40.80906412899997,-74.0269692436837,2,4,0,0,16.723748167219973,Clear,0
2025-10-26 17:29:18.185311,40.797792120406235,-74.1371324225751,17,6,1,1,6.506100267669909,Clear,2
2025-10-27 18:38:18.185330,40.447282395243654,-73.97144820561113,18,0,0,1,16.572854834732304,Clear,3
2025-10-22 23:35:18.185349,40.664487732124876,-74.06298283483984,23,2,0,0,13.372616866217866,Clear,0
2025-10-26 04:02:18.185368,40.520922878470095,-74.00865138754492,4,6,1,0,21.02347682549667,Clear,0
2025-10-24 21:14:18.185387,40.6686233976774,-74.01441650851812,21,4,0,0,34.3351548728992,Clear,2
2025-10-25 04:29:18.185405,40.74678209641866,-74.00673801499445,4,5,1,0,31.428228145150207,Clear,0
2025-10-24 12:35:18.185424,40.78558331141659,-74.0679069360355,12,4,0,0,19.545973447131637,Clear,2
2025-10-25 23:04:18.185443,40.66345675177967,-73.9136837391658,23,5,1,0,20.996513650876413,Clear,0
2025-10-26 12:35:18.185462,40.78461282798247,-74.10114717506481,12,6,1,0,12.797020071411868,Rain,1
2025-10-27 14:57:18.185482,40.62085757657662,-73.85100655949824,14,0,0,0,16.11735601023386,Snow,3
2025-10-26 04:33:18.185502,40.73336501340067,-74.15034833516962,4,6,1,0,13.743837047670683,Rain,0
2025-10-27 17:12:18.185532,40.84918865244171,-73.75208372837307,17,0,0,1,22.598827942484235,Clear,4
2025-10-26 17:37:18.185555,40.84273968142645,-74.09271461560496,17,6,1,1,22.504928503458764,Snow,4
2025-10-22 17:45:18.185575,40.74210724732987,-74.07743514180264,17,2,0,1,21.748330119914712,Clear,3
2025-10-23 14:06:18.185596,40.72786590434833,-74.00757149398524,14,3,0,0,19.9514305534897,Clear,1
2025-10-25 00:08:18.185617,40.78979773599308,-73.87916104775961,0,5,1,0,28.2206015999449,Rain,1
2025-10-24 18:12:18.185637,40.94013451580175,-73.99130253495427,18,4,0,1,23.15890907152316,Clear,4
2025-10-27 16:11:18.185656,40.740469079933,-73.9232816750964,16,0,0,0,47.344221590617416,Rain,3
2025-10-27 22:48:18.185675,40.67548808103496,-73.95564029358552,22,0,0,0,34.798487751985526,Clear,1
2025-10-26 22:16:18.185700,40.70038676111184,-73.93196591820522,22,6,1,0,11.53206281931595,Fog,1
2025-10-25 19:59:18.185719,40.70167960001898,-74.18090694341716,19,5,1,1,30.96329789541089,Clear,2
2025-10-25 08:59:18.185738,40.624414256379886,-73.99062748940544,8,5,1,1,30.574235088623762,Rain,4
2025-10-22 03:21:18.185757,40.75777740384888,-73.8281075656114,3,2,0,0,4.485660559093478,Clear,0
2025-10-27 15:33:18.185776,40.59447343785456,-73.95650043458083,15,0,0,0,14.440551022253825,Clear,1
2025-10-25 18:19:18.185795,40.597543462834,-74.15607683932072,18,5,1,1,15.146364521708964,Clear,3
2025-10-24 05:06:18.185814,40.53395034950195,-73.97026954580633,5,4,0,0,15.280681342105666,Clear,1
2025-10-23 07:48:18.185833,40.80943920019725,-74.0570944467287,7,3,0,1,19.523562888429556,Clear,4
2025-10-24 23:26:18.185852,40.71735718399038,-74.07116003476058,23,4,0,0,33.63435490951704,Clear,1
2025-10-24 16:42:18.185871,40.51028574133424,-73.98735456852306,16,4,0,0,15.555012557808173,Rain,2
2025-10-28 05:38:18.185890,40.76329872789805,-73.91942448058299,5,1,0,0,16.657529088496325,Clear,0
2025-10-27 00:22:18.185909,40.73118555144096,-73.94821028649012,0,0,0,0,12.123980896411284,Clear,1
2025-10-26 11:01:18.185928,40.5608630034046,-74.05442340728662,11,6,1,0,17.62608038793331,Clear,1
2025-10-26 04:34:18.185947,40.38867326599309,-74.10843876413342,4,6,1,0,0.05038428442350806,Clear,0
2025-10-26 05:22:18.185966,40.71298136111947,-73.93040647182083,5,6,1,0,29.72632866898791,Clear,0
2025-10-27 12:24:18.185988,40.692554247416844,-73.99991033928828,12,0,0,0,21.13517345251248,Clear,2
2025-10-26 08:10:18.186008,40.60935976435143,-73.98557170579987,8,6,1,1,24.46289348001918,Rain,4
2025-10-25 10:33:18.186027,40.59830514799286,-73.94686838830721,10,5,1,0,14.549623846529087,Clear,0
2025-10-27 19:22:18.186046,40.66415672339477,-73.98524017387143,19,0,0,1,14.106352430557884,Clear,4
2025-10-23 20:44:18.186065,40.608503860639715,-73.8733528331681,20,3,0,0,19.099213668197933,Snow,3
2025-10-26 13:41:18.186084,40.629900498907794,-74.0620181040197,13,6,1,0,2.1232838806821803,Rain,1
2025-10-23 02:00:18.186104,40.767509738117006,-74.02621926524338,2,3,0,0,35.52859775839326,Snow,2
2025-10-23 14:51:18.186134,40.843347880715434,-74.00389961583673,14,3,0,0,17.60775202130245,Clear,2
2025-10-21 20:52:18.186156,40.75200418897326,-74.01845252475937,20,1,0,0,6.576871734900065,Rain,1
2025-10-27 09:12:18.186175,40.53359548998648,-74.05067735117899,9,0,0,1,31.581108735000676,Clear,4
2025-10-22 09:44:18.186209,40.64288534219081,-74.00688170462458,9,2,0,1,29.751197334177512,Clear,3
2025-10-24 14:27:18.186231,40.80169842942772,-73.95639357667741,14,4,0,0,17.415822641825645,Snow,4
2025-10-22 10:08:18.186250,40.66569616943817,-73.98279500626424,10,2,0,0,31.54354338408924,Clear,1
2025-10-27 15:19:18.186269,40.731421234389465,-73.92338095263457,15,0,0,0,18.36134736537032,Clear,2
2025-10-23 15:00:18.186288,40.50909240650279,-73.84899677194574,15,3,0,0,19.809837920973113,Snow,3
2025-10-24 21:25:18.186307,40.85717472096858,-74.19749073696096,21,4,0,0,26.475581090137137,Rain,3
2025-10-23 17:29:18.186325,40.60237782114529,-73.92984281587024,17,3,0,1,11.53066262752337,Clear,3
2025-10-22 05:45:18.186344,40.73520924818104,-74.00474075992182,5,2,0,0,24.736273877275647,Clear,1
2025-10-25 21:27:18.186363,40.8579143607795,-73.91007291739147,21,5,1,0,32.00411548413398,Clear,1
2025-10-23 11:20:18.186383,40.7494909417097,-73.98505031373676,11,3,0,0,18.5671674128292,Fog,3
2025-10-26 20:32:18.186402,40.567515054092766,-73.92759935890858,20,6,1,0,-1.2389572430980706,Clear,0
2025-10-21 23:16:18.186420,40.521529348293576,-73.96975235411946,23,1,0,0,11.015853286516421,Rain,2
2025-10-22 16:38:18.186439,40.881268496460564,-74.17903153104241,16,2,0,0,7.682692324901744,Snow,4
2025-10-22 07:12:18.186458,40.83074401207213,-74.05291756521046,7,2,0,1,22.954775244231833,Fog,4
2025-10-24 11:35:18.186477,40.82815318720079,-74.04350106283698,11,4,0,0,22.18683092276141,Clear,1
2025-10-28 10:37:18.186497,40.71332436997182,-74.00130194062352,10,1,0,0,16.869762917835594,Rain,2
2025-10-25 18:14:18.186515,40.62794793006121,-74.0996245028278,18,5,1,1,23.359487428541605,Clear,3
2025-10-23 23:16:18.186536,40.36498307863634,-74.03282630619495,23,3,0,0,29.370725203151785,Rain,1
2025-10-27 10:44:18.186555,40.81545798465521,-73.98939118674919,10,0,0,0,26.453759495851475,Clear,2
2025-10-24 20:10:18.186574,40.73311135479465,-74.00104272707006,20,4,0,0,28.233525162789654,Rain,4
2025-10-22 12:28:18.186593,40.509876914490604,-73.80986965280364,12,2,0,0,22.20074328803621,Snow,3
2025-10-23 02:37:18.186613,40.693332973812254,-73.86403270224562,2,3,0,0,21.280410685584606,Rain,1
2025-10-25 11:06:18.186631,40.825067768479805,-74.1501195760496,11,5,1,0,23.665982460968483,Clear,0
2025-10-28 11:28:18.186652,40.81251152218978,-74.02953187419072,11,1,0,0,20.76048039896385,Clear,2
2025-10-26 20:27:18.186671,40.662476251433425,-73.90146872069924,20,6,1,0,20.508425691361555,Clear,0
2025-10-26 00:33:18.186690,40.79140339557121,-74.03471400974234,0,6,1,0,7.8151035871341445,Clear,0
2025-10-26 09:54:18.186708,40.764258899069056,-73.88553649274242,9,6,1,1,18.876719503091703,Clear,2
2025-10-22 11:33:18.186740,40.715175148199776,-73.97443640233188,11,2,0,0,27.68727492147329,Snow,3
2025-10-23 01:42:18.186760,40.87729677135013,-74.03090360395564,1,3,0,0,28.514020923788287,Clear,0
2025-10-22 17:43:18.186781,40.75998269912664,-73.94089349433297,17,2,0,1,16.417907995092207,Clear,4
2025-10-22 22:03:18.186800,40.63174941530208,-74.0964541883787,22,2,0,0,13.534271157574734,Clear,0
2025-10-24 19:29:18.186821,40.73462227325311,-73.91494358776289,19,4,0,1,19.920273586833826,Rain,4
2025-10-26 00:28:18.186840,40.95023294034924,-73.90454673073127,0,6,1,0,9.627538456735437,Rain,0
2025-10-23 07:29:18.186859,40.78394542651949,-74.03493779471327,7,3,0,1,19.88772556620362,Rain,4
2025-10-24 05:49:18.186877,40.65109095917131,-74.13188420415521,5,4,0,0,27.974842044783145,Clear,1
2025-10-25 17:43:18.186896,40.65512286694317,-73.93046087741743,17,5,1,1,25.283166096303766,Clear,3
2025-10-22 04:23:18.186915,40.53818384413388,-73.74433000533985,4,2,0,0,10.903070498515472,Rain,2
2025-10-24 12:25:18.186933,40.897498033144764,-73.97940447306456,12,4,0,0,20.129515379540948,Rain,2
2025-10-26 10:45:18.186952,40.647616389219785,-74.00126013286835,10,6,1,0,13.980313211036155,Clear,1
2025-10-23 13:29:18.186971,40.70563259634426,-74.1083818519489,13,3,0,0,17.867928730948357,Rain,3
2025-10-22 17:01:18.186990,40.74991458733713,-74.06639851867158,17,2,0,1,24.880440793787493,Snow,4
2025-10-25 17:28:18.187008,40.77073034368723,-73.95627082221692,17,5,1,1,25.16124728577691,Rain,4
2025-10-23 14:35:18.187027,40.741777485689646,-73.79845992013546,14,3,0,0,17.29796681322462,Clear,2
2025-10-28 13:52:18.187046,40.50898754648222,-74.10680863109174,13,1,0,0,30.515930406716663,Clear,1
2025-10-23 02:47:18.187065,40.526709011914534,-73.90630599317215,2,3,0,0,12.528921110597372,Clear,1
2025-10-24 09:15:18.187084,40.4838938743067,-73.86275180825476,9,4,0,1,29.16171265604621,Clear,4
2025-10-26 22:04:18.187102,40.76373781163361,-73.88126729447683,22,6,1,0,21.818662550584953,Clear,0
2025-10-22 08:57:18.187121,40.80980777779138,-73.93392269508594,8,2,0,1,26.58705125709754,Clear,3
2025-10-24 19:09:18.187142,40.6780473266227,-73.92308613154147,19,4,0,1,17.301250647066286,Rain,4
2025-10-23 20:05:18.187160,40.61093805518955,-73.7083803071845,20,3,0,0,33.30438563269083,Clear,2
2025-10-22 03:30:18.187179,40.63542108008964,-74.13046547033115,3,2,0,0,21.705942035808633,Clear,1
2025-10-25 21:03:18.187199,40.77823656563541,-74.01155846709105,21,5,1,0,21.805308418054313,Clear,2
2025-10-22 06:41:18.187217,40.79958490366632,-74.09965140174967,6,2,0,0,32.04970647300748,Clear,2
2025-10-25 18:41:18.187236,40.872118662663944,-74.05712156764312,18,5,1,1,19.097723359437904,Snow,4
2025-10-25 13:49:18.187254,40.71837249122887,-73.89658084815291,13,5,1,0,14.119131736854472,Clear,0
2025-10-27 10:10:18.187273,40.61158956247399,-74.17148566718657,10,0,0,0,17.701204285536132,Clear,2
2025-10-27 14:43:18.187292,40.67922153007099,-73.83909784747107,14,0,0,0,8.745809922531112,Clear,1
2025-10-22 23:27:18.187321,40.816682614511194,-74.07582160283154,23,2,0,0,13.275321506294846,Clear,0
2025-10-22 06:23:18.187344,40.70909640862809,-73.96305517546163,6,2,0,0,21.098529469547444,Clear,2
2025-10-26 06:01:18.187367,40.60677417260539,-74.11779451563669,6,6,1,0,33.49704627310695,Clear,0
2025-10-23 00:56:18.187388,40.93844840154276,-74.06335851583401,0,3,0,0,23.03105666100579,Clear,1
2025-10-22 03:05:18.187408,40.68730227825792,-73.85560070114173,3,2,0,0,-0.7837665491894299,Clear,0
2025-10-25 14:54:18.187428,40.67714679100559,-73.98217037378785,14,5,1,0,21.097326391877928,Clear,0
2025-10-24 23:30:18.187447,40.796122387762075,-74.13865390161098,23,4,0,0,29.35678393147461,Clear,1
2025-10-22 04:09:18.187466,40.55054763698023,-73.97190116477229,4,2,0,0,45.71372359688783,Clear,1
2025-10-23 21:27:18.187484,40.80907906903507,-73.98874415703656,21,3,0,0,28.61965085060156,Clear,2
2025-10-25 05:04:18.187503,40.78389599682035,-73.9615736688514,5,5,1,0,36.463972426799735,Rain,0
2025-10-26 04:29:18.187523,40.54347338252902,-74.09605328851872,4,6,1,0,33.63153102106705,Clear,0
2025-10-24 12:59:18.187543,40.8495370254722,-73.91017461738474,12,4,0,0,5.013405984930452,Snow,4
2025-10-22 13:46:18.187561,40.67986690016802,-74.01568260373934,13,2,0,0,31.852102915108894,Rain,2
2025-10-26 12:20:18.187580,40.677296767235326,-73.98025267654174,12,6,1,0,19.801102705092095,Clear,1
2025-10-24 22:48:18.187599,40.67643877877862,-74.01169456237211,22,4,0,0,41.55239538433073,Clear,1
2025-10-26 17:05:18.187618,40.729886543812796,-74.02439833363526,17,6,1,1,7.115526202426752,Fog,4
2025-10-27 20:13:18.187639,40.73238452550977,-74.1038372777615,20,0,0,0,40.05574045639953,Clear,2
2025-10-22 17:19:18.187660,40.62292000917576,-74.09696338974899,17,2,0,1,27.11622650470823,Rain,4
2025-10-27 14:23:18.187680,40.83141781823242,-73.9802861869906,14,0,0,0,15.81295159193551,Clear,2
2025-10-24 12:42:18.187700,40.76456590204691,-74.07857438131535,12,4,0,0,5.656350328411543,Clear,2
2025-10-27 09:17:18.187718,40.69029940966296,-73.88524078295697,9,0,0,1,27.48034725961725,Snow,4
2025-10-22 12:30:18.187736,40.92093146567652,-74.03645536384873,12,2,0,0,11.416422198187865,Snow,4
2025-10-26 22:52:18.187755,40.5896041874254,-73.99147732228707,22,6,1,0,23.74585109450978,Rain,0
2025-10-26 21:14:18.187773,40.7093011509503,-73.82891993643645,21,6,1,0,4.420476823233322,Rain,1
2025-10-22 11:09:18.187791,40.81137227168236,-74.06544645481382,11,2,0,0,26.63737213888021,Fog,4
2025-10-27 03:19:18.187818,40.78196206809509,-73.87738515448936,3,0,0,0,28.376974384004882,Rain,2
2025-10-25 06:56:18.187836,40.70578342885414,-74.1720960933516,6,5,1,0,28.184847346385396,Clear,1
2025-10-24 16:07:18.187854,40.604694345959174,-73.90068471466671,16,4,0,0,31.29069437535143,Snow,3
2025-10-27 22:23:18.187873,40.848463338218345,-74.2772490491848,22,0,0,0,7.259310150466762,Rain,2
2025-10-23 10:44:18.187898,40.608551512577286,-73.87820731707619,10,3,0,0,18.13128355838641,Rain,2
2025-10-26 04:57:18.187924,40.91703964227141,-73.95748248947704,4,6,1,0,-6.472528798975084,Rain,1
2025-10-28 01:40:18.187943,40.721028398927544,-73.89945196249346,1,1,0,0,32.23170950591457,Snow,2
2025-10-27 10:53:18.187962,40.97257046432344,-74.071037094407,10,0,0,0,11.939696803294302,Clear,1
2025-10-27 06:47:18.187980,40.870757214573075,-74.05828600271532,6,0,0,0,16.996395119113714,Clear,1
2025-10-23 00:10:18.187999,40.612385923324794,-74.08277975651042,0,3,0,0,0.6632169889243968,Clear,0
2025-10-26 19:28:18.188017,40.647944814394066,-73.92581426679598,19,6,1,1,28.315427577092827,Clear,3
2025-10-27 01:35:18.188035,40.729445220821304,-73.95675487359918,1,0,0,0,4.30039662342657,Rain,2
2025-10-22 04:01:18.188054,40.650485947357524,-74.06154771191602,4,2,0,0,15.040309536735293,Rain,1
2025-10-26 14:31:18.188071,40.72245452635388,-74.15598369113235,14,6,1,0,3.0099279515633235,Clear,1
2025-10-23 07:23:18.188091,40.79239065048475,-73.90114690614924,7,3,0,1,14.477769557190287,Clear,4
2025-10-26 15:44:18.188109,40.488233280100616,-74.09383711870927,15,6,1,0,13.953722213982704,Clear,0
2025-10-26 08:58:18.188128,40.741386539072494,-73.9725543210013,8,6,1,1,11.494435413378044,Rain,4
2025-10-27 23:12:18.188146,40.68925432777953,-73.9957871079129,23,0,0,0,29.074947684172557,Clear,1
2025-10-22 16:48:18.188164,40.76726674443184,-73.8043112455813,16,2,0,0,21.573615012902966,Snow,4
2025-10-23 06:00:18.188182,40.806099664265055,-73.96383150760877,6,3,0,0,28.20482181197364,Snow,4
2025-10-28 11:25:18.188212,40.81365208247786,-73.85283111987592,11,1,0,0,18.328819196831457,Rain,3
2025-10-26 02:43:18.188234,40.73576279301637,-74.0212471355105,2,6,1,0,35.67307866638952,Clear,0
2025-10-28 08:36:18.188252,40.731909906801995,-74.00135634518439,8,1,0,1,27.53304269077649,Rain,4
2025-10-22 07:04:18.188271,40.7394580546695,-74.04613797573322,7,2,0,1,19.04704467613048,Clear,4
2025-10-21 23:48:18.188289,40.76851786606693,-74.07638946503005,23,1,0,0,25.18639647613567,Rain,1
2025-10-26 19:08:18.188311,40.82016317498598,-74.10865152994111,19,6,1,1,1.9004109901929382,Clear,3
2025-10-24 18:26:18.188329,40.91484019636821,-74.07998742764634,18,4,0,1,13.70928027930571,Clear,3
2025-10-27 00:30:18.188348,40.82646047717046,-74.05169673235774,0,0,0,0,26.78299411192041,Clear,0
2025-10-26 15:23:18.188366,40.58981306217592,-74.02377403214874,15,6,1,0,9.787671828692869,Rain,2
2025-10-23 18:52:18.188385,40.58476956013291,-73.91875426717199,18,3,0,1,17.775872215444345,Fog,4
2025-10-24 10:53:18.188403,40.52812275655286,-74.06266694125101,10,4,0,0,29.42166505163829,Clear,2
2025-10-28 13:44:18.188421,40.75307682919931,-73.93701367502037,13,1,0,0,45.15546207874225,Clear,1
2025-10-25 04:36:18.188440,40.73976693573971,-74.02900564355964,4,5,1,0,25.69767280232204,Rain,1
2025-10-25 23:59:18.188458,40.6183631222457,-73.9736754237091,23,5,1,0,21.965211697014702,Clear,0
2025-10-26 23:02:18.188489,40.87661127495477,-73.85589611599956,23,6,1,0,5.132292172996637,Clear,0
2025-10-26 12:36:18.188512,40.72561044149108,-74.07410516574748,12,6,1,0,13.653949647066433,Clear,1
2025-10-24 05:25:18.188531,40.700900202426915,-74.12378966429806,5,4,0,0,23.28495370129816,Rain,1
2025-10-27 09:34:18.188551,40.81515215224657,-74.11536289460633,9,0,0,1,10.33023856870787,Snow,4
2025-10-26 06:28:18.188570,40.95300262818355,-74.00826030894449,6,6,1,0,17.79035826170336,Rain,2
2025-10-27 04:09:18.188588,40.625168133202585,-74.0022339766832,4,0,0,0,9.983799901050844,Clear,0
2025-10-26 11:11:18.188607,40.77601161012684,-74.10387666478613,11,6,1,0,21.017640729876256,Rain,1
2025-10-22 21:52:18.188627,40.8527355436586,-73.91353663170872,21,2,0,0,38.11980124134871,Clear,2
2025-10-25 08:00:18.188645,40.72742480078189,-73.9537879642745,8,5,1,1,16.64587856305809,Rain,4
2025-10-21 21:55:18.188663,40.72425333662155,-73.91098545290012,21,1,0,0,40.75260872625265,Rain,2
2025-10-25 00:01:18.188682,40.69060875472065,-74.12745189556493,0,5,1,0,37.32215252485648,Rain,1
2025-10-22 16:17:18.188701,40.68076526918057,-73.96358340535981,16,2,0,0,9.684237531298422,Fog,3
2025-10-23 05:33:18.188719,40.7103645407739,-73.79177296413881,5,3,0,0,10.667865923544023,Clear,1
2025-10-27 12:00:18.188737,40.71660034781682,-73.99399686732818,12,0,0,0,14.977442838058762,Clear,2
2025-10-25 19:35:18.188755,40.7610271890703,-74.0479899699779,19,5,1,1,19.082406760004993,Clear,3
2025-10-23 00:48:18.188775,40.52636684716909,-74.09616007460356,0,3,0,0,22.24451818559972,Clear,1
2025-10-26 03:40:18.188793,40.704514908519414,-74.04331651822132,3,6,1,0,33.16943563232562,Rain,1
2025-10-22 13:31:18.188812,40.62397892445528,-74.1423039658551,13,2,0,0,32.46326885797454,Clear,1
2025-10-27 02:01:18.188830,40.75296255054915,-74.07456102810818,2,0,0,0,14.496948461545799,Snow,2
2025-10-26 02:14:18.188849,40.45181582070171,-73.96814311319051,2,6,1,0,11.061323504951892,Clear,0
2025-10-22 17:43:18.188867,40.867025594604854,-73.82555029116384,17,2,0,1,22.682168082776954,Rain,4
2025-10-27 07:16:18.188886,40.79352931248111,-74.13057660590997,7,0,0,1,15.322987986881087,Clear,4
2025-10-26 11:59:18.188904,40.55721013495101,-74.03323959704998,11,6,1,0,20.768218910602553,Clear,0
2025-10-25 16:34:18.188922,40.62410019392705,-73.9635859580921,16,5,1,0,25.87762985283748,Clear,1
2025-10-21 23:52:18.188941,40.583149823251915,-74.15725955008388,23,1,0,0,25.038156955895552,Rain,0
2025-10-24 01:45:18.188959,40.66602872278592,-73.82688562131374,1,4,0,0,35.84003605563696,Snow,4
2025-10-22 22:36:18.188978,40.7056398740586,-74.00972222365098,22,2,0,0,18.690840272302506,Clear,0
2025-10-25 04:35:18.188996,40.72066351903161,-74.2058200684532,4,5,1,0,21.393425936212644,Clear,0
2025-10-28 02:57:18.189014,40.55835355063935,-73.95565709173981,2,1,0,0,24.27870677190386,Clear,0
2025-10-25 23:11:18.189034,40.61895320897942,-73.94157318404908,23,5,1,0,13.762310393041949,Rain,1
2025-10-24 19:09:18.189065,40.70251558368639,-74.00867943466356,19,4,0,1,21.83771134623042,Clear,4
2025-10-22 06:43:18.189086,40.73255659901724,-73.96107715650803,6,2,0,0,26.387302220291847,Rain,2
2025-10-23 18:21:18.189105,40.79671848677163,-73.82446273151731,18,3,0,1,23.424277652212748,Clear,3
2025-10-21 23:51:18.189123,40.7063861653407,-73.97312375896965,23,1,0,0,23.406000190998583,Snow,3
2025-10-21 22:25:18.189141,40.74303988442382,-74.08453531425121,22,1,0,0,18.884779423410542,Rain,2
2025-10-24 01:30:18.189160,40.78494662737851,-73.94246030677851,1,4,0,0,18.499444129674732,Clear,1
2025-10-27 20:30:18.189178,40.57874713966175,-73.88955653540071,20,0,0,0,31.715805268825108,Rain,4
2025-10-23 14:12:18.189196,40.934019130938466,-73.89480122861893,14,3,0,0,16.969683590019706,Clear,1
2025-10-26 11:07:18.189214,40.7579095296583,-74.11090069225705,11,6,1,0,51.41966977287799,Rain,2
2025-10-26 02:08:18.189232,40.462859428512644,-73.77690574274092,2,6,1,0,8.432557749480514,Clear,0
2025-10-24 15:36:18.189250,40.815057043200966,-73.76202475936607,15,4,0,0,26.79973075516756,Rain,3
2025-10-26 03:47:18.189268,40.68753143119991,-73.96679154702991,3,6,1,0,12.460354111333238,Snow,1
2025-10-25 18:29:18.189286,40.758969691812425,-73.77129525166272,18,5,1,1,20.577955855852192,Rain,4
2025-10-26 16:08:18.189304,40.738224920413494,-74.05394118588181,16,6,1,0,9.413606506029186,Clear,1
2025-10-26 11:49:18.189322,40.65467648269172,-74.09555094021451,11,6,1,0,11.773785845108991,Rain,1
2025-10-28 13:34:18.189341,40.654903674480586,-73.99963116063483,13,1,0,0,21.22297503032284,Rain,3
2025-10-26 15:42:18.189358,40.967404833340446,-73.96469434662139,15,6,1,0,9.406078695300561,Rain,2
2025-10-25 14:09:18.189376,40.588413676460874,-74.07529051977959,14,5,1,0,28.02901618145686,Rain,1
2025-10-26 14:44:18.189395,40.815683829541285,-73.94902061880963,14,6,1,0,17.551997581936988,Rain,1
2025-10-28 09:13:18.189414,40.77617768809321,-73.96462009025485,9,1,0,1,32.24584437626143,Clear,4
2025-10-26 16:24:18.189433,40.580157931314105,-73.93072978514273,16,6,1,0,26.6698040343816,Rain,1
2025-10-28 09:06:18.189451,40.88057008140765,-74.0613588241708,9,1,0,1,23.02685348995986,Rain,4
2025-10-28 02:39:18.189469,40.637936468596365,-73.91918968570421,2,1,0,0,3.6849917861583528,Rain,2
2025-10-25 09:29:18.189488,40.6478722454934,-74.12839402667623,9,5,1,1,12.409595527913517,Clear,3
2025-10-23 07:32:18.189506,40.736178591179076,-74.16158956462036,7,3,0,1,24.626263353811026,Snow,4
2025-10-23 06:45:18.189525,40.577074476917325,-74.02490814691619,6,3,0,0,5.00412543797067,Clear,1
2025-10-24 06:51:18.189543,40.68675014380613,-73.83331661577813,6,4,0,0,25.583269125217225,Clear,2
2025-10-28 13:57:18.189562,40.84392102303924,-73.93655936810546,13,1,0,0,4.4399326722631685,Clear,1
2025-10-23 17:40:18.189581,40.844200947464394,-74.12745434897263,17,3,0,1,9.07687235327421,Rain,4
2025-10-28 08:29:18.189599,40.79933169020204,-73.92959039215037,8,1,0,1,13.513374129511302,Clear,4
2025-10-26 03:26:18.189626,40.73200491164901,-74.03691164642025,3,6,1,0,25.03736046212426,Clear,0
2025-10-23 12:42:18.189649,40.64459656168007,-74.12344898824931,12,3,0,0,7.796826227842246,Clear,1
2025-10-23 07:53:18.189668,40.62799013006608,-74.16610192977018,7,3,0,1,23.88578604530964,Clear,4
2025-10-22 14:19:18.189686,40.74933009930218,-73.86579278527822,14,2,0,0,20.261224315397257,Clear,0
2025-10-21 23:37:18.189705,40.72098293585476,-74.01588896531912,23,1,0,0,25.684410062561547,Clear,1
2025-10-26 22:30:18.189723,40.69530402433046,-74.08157451594928,22,6,1,0,9.634240836437026,Clear,0
2025-10-25 16:44:18.189742,40.78402714895059,-73.99397743665658,16,5,1,0,0.3085271402645233,Clear,0
2025-10-27 08:23:18.189760,40.95928776358577,-74.03601402843925,8,0,0,1,20.103526198433805,Rain,4
2025-10-22 22:57:18.189778,40.76382790105321,-73.9062187281736,22,2,0,0,29.507963003361482,Clear,0
2025-10-26 16:37:18.189797,40.76357576703115,-74.00060115815542,16,6,1,0,20.644744148101204,Clear,0
2025-10-25 14:34:18.189816,40.785376682316304,-74.05189568858246,14,5,1,0,20.49053409274357,Clear,0
2025-10-26 04:27:18.189836,40.82719879192022,-74.20755994366631,4,6,1,0,19.209212523936483,Clear,0
2025-10-22 01:46:18.189854,40.727666745720214,-74.0397085971118,1,2,0,0,14.363509725736574,Fog,2
2025-10-25 09:05:18.189872,40.64188736150981,-73.92055393732053,9,5,1,1,29.37258089563939,Clear,3
2025-10-22 17:35:18.189891,40.63949939367234,-74.0803290002965,17,2,0,1,24.906362214227144,Clear,3
2025-10-24 17:34:18.189909,40.60840271600018,-74.0268960487332,17,4,0,1,6.331213015845789,Snow,4
2025-10-22 16:06:18.189927,40.67217977613782,-74.12223071563876,16,2,0,0,14.328075811873218,Fog,3
2025-10-26 03:25:18.189946,40.65817555517475,-73.96681959945974,3,6,1,0,10.058937669578073,Clear,0
2025-10-24 22:12:18.189964,40.71178840885311,-73.78415785758853,22,4,0,0,16.104033931412076,Clear,1
2025-10-22 00:10:18.189982,40.48253030104553,-74.05049457601247,0,2,0,0,34.711703274936085,Clear,0
2025-10-23 10:49:18.190000,40.82703264545383,-74.11808223655204,10,3,0,0,26.779258713392693,Clear,1
2025-10-24 07:14:18.190018,40.79369292004713,-74.07704525498349,7,4,0,1,-4.317135712621479,Rain,4
2025-10-26 08:46:18.190036,40.84297412893988,-73.84984888032731,8,6,1,1,8.087098607121938,Clear,3
2025-10-26 12:20:18.190055,40.91413872475266,-73.99234646689173,12,6,1,0,22.369614157120427,Clear,0
2025-10-27 00:05:18.190073,40.70049860766431,-73.99658205583196,0,0,0,0,-4.339022565480345,Clear,1
2025-10-21 20:22:18.190092,40.60513390654757,-74.18386308332099,20,1,0,0,12.020405222585557,Clear,1
2025-10-26 02:48:18.190110,40.77351311007836,-73.87488411136819,2,6,1,0,16.773201611578642,Clear,0
2025-10-26 10:36:18.190129,40.776968743715464,-73.88353729127736,10,6,1,0,13.56481769619857,Clear,1
2025-10-25 11:44:18.190150,40.70912236943045,-74.10752134031452,11,5,1,0,43.63633443675384,Snow,3
2025-10-27 15:31:18.190168,40.62989625416468,-73.98582994400834,15,0,0,0,-1.6564522840412366,Clear,2
2025-10-23 07:18:18.190193,40.73385700339585,-73.95475004477785,7,3,0,1,7.8754272115077235,Clear,4
2025-10-21 14:55:18.190224,40.79655627033584,-74.08736453560597,14,1,0,0,24.90974951638251,Clear,2
2025-10-22 01:03:18.190244,40.82527986445932,-74.08593940761614,1,2,0,0,37.29891154519835,Clear,1
2025-10-24 18:15:18.190263,40.593190276817566,-74.00997389048062,18,4,0,1,34.781268261732606,Clear,3
2025-10-22 13:13:18.190282,40.52288236120845,-73.99815706009814,13,2,0,0,27.533416211045324,Clear,2
2025-10-28 04:33:18.190300,40.65056218050092,-73.95819100033725,4,1,0,0,17.909767427139748,Clear,0
2025-10-27 04:10:18.190318,40.73886628331504,-74.1460507960275,4,0,0,0,8.041169379648156,Rain,2
2025-10-23 02:16:18.190336,40.740598306474276,-73.86051893550082,2,3,0,0,12.1510168691776,Clear,1
2025-10-24 00:26:18.190355,40.79018327436423,-73.89378249711983,0,4,0,0,18.939380909619615,Rain,2
2025-10-26 17:15:18.190373,40.88549638512334,-74.04596361856146,17,6,1,1,3.011508001963545,Snow,4
2025-10-25 11:25:18.190392,40.67118059972699,-74.12407820626504,11,5,1,0,20.29046772381744,Clear,1
2025-10-24 02:03:18.190410,40.72544490228235,-74.07479373874638,2,4,0,0,40.615035766363974,Clear,1
2025-10-21 16:58:18.190428,40.87341194918313,-73.84975404931379,16,1,0,0,30.9027450634426,Clear,1
2025-10-26 00:11:18.190446,40.69578153774751,-74.05132280493272,0,6,1,0,29.47825802837216,Rain,1
2025-10-27 14:00:18.190465,40.62234853110106,-74.03630929443948,14,0,0,0,13.616561398569976,Rain,2
2025-10-22 09:13:18.190483,40.86414497432421,-73.94291883154452,9,2,0,1,21.898478362124642,Fog,4
2025-10-22 11:40:18.190501,40.58002841042434,-74.00758197102621,11,2,0,0,23.037803094905055,Rain,2
2025-10-27 09:06:18.190521,40.72688862469112,-74.18284393655628,9,0,0,1,30.329639471528058,Clear,3
2025-10-27 03:36:18.190540,40.76416001065697,-74.0592700839662,3,0,0,0,8.885869878655651,Clear,0
2025-10-23 21:48:18.190562,40.722790554390244,-73.99140383902869,21,3,0,0,17.25771642945469,Clear,1
2025-10-22 17:16:18.190580,40.74814829059487,-73.99384949885983,17,2,0,1,18.99845923520047,Clear,3
2025-10-28 03:32:18.190599,40.61739382522537,-74.10136046130197,3,1,0,0,19.334714824479672,Rain,2
2025-10-22 23:51:18.190618,40.86206885689595,-74.03311236010425,23,2,0,0,14.739219677880412,Clear,0
2025-10-23 10:20:18.190637,40.81810574330154,-73.80266947013965,10,3,0,0,30.71124573784651,Clear,1
2025-10-28 06:31:18.190657,40.71949907172249,-73.9544060782296,6,1,0,0,18.904507085307966,Snow,3
2025-10-25 23:02:18.190676,40.79222646796219,-74.13142894231693,23,5,1,0,6.668426893463451,Clear,1
2025-10-25 17:53:18.190695,40.65206544012346,-73.8430676663382,17,5,1,1,24.6999826076317,Clear,3
2025-10-28 10:56:18.190714,40.68324587598535,-73.99076844864234,10,1,0,0,11.724097793512803,Rain,3
2025-10-24 03:05:18.190733,40.60326544361431,-74.02777309844885,3,4,0,0,17.991485217093803,Rain,1
2025-10-24 04:47:18.190751,40.64172398964509,-73.99862298921131,4,4,0,0,18.171035588951597,Clear,1
2025-10-22 19:04:18.190779,40.71143971655547,-73.8602641441729,19,2,0,1,21.284517375977526,Clear,4
2025-10-28 01:00:18.190801,40.72506703159948,-73.84353215415304,1,1,0,0,16.39526595795404,Clear,1
2025-10-26 08:00:18.190820,40.801110977714714,-74.01378371970128,8,6,1,1,10.265532586005238,Clear,2
2025-10-28 13:03:18.190838,40.67016424037945,-73.89115542908033,13,1,0,0,1.6923155160513375,Rain,3
2025-10-21 22:12:18.190856,40.63167867861445,-73.91256902540788,22,1,0,0,8.582359074842,Clear,1
2025-10-23 04:22:18.190875,40.59088853886808,-73.99422787826191,4,3,0,0,13.56450167682538,Rain,2
2025-10-26 03:07:18.190893,40.79168992980335,-74.03319120010734,3,6,1,0,45.436678953015274,Clear,0
2025-10-25 03:27:18.190913,40.617287742065066,-73.96364009344066,3,5,1,0,12.641960849571701,Clear,0
2025-10-23 09:28:18.190931,40.74681177064046,-74.06024680667062,9,3,0,1,19.90913425273744,Clear,4
2025-10-25 03:25:18.190949,40.82767334829295,-73.86276579687825,3,5,1,0,18.128557349954512,Clear,0
2025-10-27 10:55:18.190968,40.75178868194724,-74.08323697843143,10,0,0,0,14.760034265446436,Clear,1
2025-10-21 18:03:18.190987,40.74664838434617,-74.0355401410139,18,1,0,1,38.078761587991906,Rain,4
2025-10-26 20:01:18.191006,40.84451150673399,-74.01780685269911,20,6,1,0,19.088308804438128,Clear,0
2025-10-28 02:03:18.191024,40.71977792134988,-73.90179805168371,2,1,0,0,14.016321897697813,Clear,1
2025-10-26 01:47:18.191043,40.87433756894695,-74.03823204692114,1,6,1,0,4.815510560352598,Rain,1
2025-10-26 10:37:18.191061,40.75573310218199,-73.96775585821807,10,6,1,0,16.82426801176262,Clear,0
2025-10-21 16:52:18.191080,40.62048673895422,-73.95561815815599,16,1,0,0,17.757448412424303,Rain,2
2025-10-21 21:38:18.191098,40.51918846863214,-73.99341530303806,21,1,0,0,25.13907849658915,Clear,2
2025-10-21 21:56:18.191117,40.78114185046234,-74.0654134576775,21,1,0,0,22.822076428899347,Clear,2
2025-10-24 21:18:18.191135,40.780057370120275,-73.81601180651047,21,4,0,0,2.9512144586767626,Clear,0
2025-10-23 10:36:18.191153,40.61761495253254,-74.03636167053078,10,3,0,0,19.02276946929081,Clear,2
2025-10-27 11:29:18.191171,40.67223750087879,-74.01273912357182,11,0,0,0,23.882426477853443,Fog,3
2025-10-27 00:06:18.191190,40.73239750338646,-73.97430205822266,0,0,0,0,10.645612979554047,Rain,2
2025-10-22 15:48:18.191208,40.635151819194036,-73.79687150975754,15,2,0,0,2.997951254519336,Clear,2
2025-10-22 19:39:18.191227,40.78734041973454,-74.09459159959593,19,2,0,1,16.428976301922603,Clear,4
2025-10-25 13:34:18.191245,40.702355078146255,-74.022882172319,13,5,1,0,20.8312246565668,Rain,1
2025-10-28 09:14:18.191263,40.89886844458705,-73.92006899023066,9,1,0,1,19.367765435170412,Clear,3
2025-10-26 13:33:18.191283,40.810319762978246,-73.95589058300601,13,6,1,0,26.532831732495378,Snow,4
2025-10-22 14:24:18.191301,40.64739243168726,-74.18906328968565,14,2,0,0,28.858031376017195,Rain,3
2025-10-26 06:45:18.191320,40.85601701435247,-74.03315244754914,6,6,1,0,11.885103222664757,Rain,2
2025-10-22 03:08:18.191347,40.687141206981785,-74.24627539348997,3,2,0,0,21.232048067844858,Rain,2
2025-10-28 12:41:18.191371,40.65043945650708,-74.16087629221232,12,1,0,0,28.065641766809996,Snow,4
2025-10-23 23:48:18.191390,40.462619713861216,-74.15932746037092,23,3,0,0,14.373865171713438,Clear,2
2025-10-22 14:32:18.191408,40.62336673769116,-74.07294101948325,14,2,0,0,16.907909229501364,Clear,1
2025-10-21 19:57:18.191427,40.56772880822565,-74.03767533293986,19,1,0,1,14.192222114960284,Clear,4
2025-10-22 04:32:18.191445,40.816623959286574,-73.99736324329265,4,2,0,0,19.359296998715024,Clear,0
2025-10-24 02:46:18.191473,40.675843114714624,-74.11835162049108,2,4,0,0,23.438448231242994,Rain,2
2025-10-28 01:41:18.191491,40.55468092979679,-73.91649616859239,1,1,0,0,21.448676646575553,Rain,1
2025-10-26 10:50:18.191509,40.79466306617799,-74.1265003521099,10,6,1,0,13.297499782737624,Rain,2
2025-10-22 19:51:18.191527,40.86493984978319,-74.05509374498713,19,2,0,1,17.751440181919214,Clear,3
2025-10-25 16:26:18.191546,40.83544051438704,-73.89029036145361,16,5,1,0,19.014118677157384,Clear,1
2025-10-24 19:55:18.191565,40.7334724047245,-73.9301061399878,19,4,0,1,13.875626253595621,Snow,4
2025-10-22 17:25:18.191585,40.71863510042855,-74.08047842067265,17,2,0,1,19.667700093555393,Clear,3
2025-10-23 07:23:18.191604,40.62920459204193,-74.01628770440917,7,3,0,1,18.253621481900698,Clear,3
2025-10-22 14:08:18.191623,40.809745720052675,-73.96328056381283,14,2,0,0,38.40217134841991,Rain,2
2025-10-27 13:03:18.191642,40.82460156545761,-73.99285415992188,13,0,0,0,14.381143364525713,Clear,1
2025-10-23 03:39:18.191661,40.53086920713353,-74.07531868272365,3,3,0,0,33.043402428781526,Clear,0
2025-10-22 17:32:18.191679,40.77048381678746,-74.24517216577128,17,2,0,1,24.487805185665167,Clear,3
2025-10-26 03:41:18.191698,40.68199657158143,-73.92803394677307,3,6,1,0,20.495785204847067,Clear,0
2025-10-22 23:48:18.191717,40.756442512949306,-73.87336578020128,23,2,0,0,21.071602277822432,Clear,1
2025-10-24 03:56:18.191735,40.864263690658035,-73.80243216809612,3,4,0,0,8.852522926751107,Clear,1
2025-10-27 00:50:18.191754,40.60298545219692,-74.04218113392325,0,0,0,0,17.412039373328977,Clear,1
2025-10-24 09:06:18.191773,40.7034565929083,-73.9831017574939,9,4,0,1,31.731246375866412,Snow,4
2025-10-23 06:33:18.191792,40.73298995596284,-74.08379188126673,6,3,0,0,46.329244369298515,Clear,1
2025-10-27 12:53:18.191811,40.776605110144075,-73.95591555250556,12,0,0,0,9.365979934290491,Clear,1
2025-10-26 23:07:18.191830,40.71584955047536,-74.13820993199448,23,6,1,0,26.349078041137197,Rain,0
2025-10-25 00:28:18.191849,40.80894216853675,-74.18847240469007,0,5,1,0,40.740826697499735,Clear,0
2025-10-26 05:09:18.191867,40.82289596349986,-73.81016525457794,5,6,1,0,15.520855203130154,Rain,0
2025-10-22 12:04:18.191886,40.758306113893894,-73.92992272503294,12,2,0,0,22.579621615816578,Snow,3
2025-10-27 11:15:18.191904,40.65333941661605,-74.21578954413087,11,0,0,0,23.26798909889781,Clear,2
2025-10-26 22:21:18.191935,40.64625145853098,-73.91868305693065,22,6,1,0,23.771003939021863,Snow,1
2025-10-25 16:04:18.192355,40.7075980311542,-73.84184730513559,16,5,1,0,52.54647293154127,Clear,0
2025-10-27 05:42:18.192460,40.65323387059565,-73.86855619068292,5,0,0,0,47.15946572312882,Clear,0
2025-10-25 19:25:18.192585,40.707310599938374,-73.97744459251423,19,5,1,1,24.14698528730887,Rain,4
2025-10-21 20:21:18.192671,40.72910610674294,-74.00677292222548,20,1,0,0,9.767722338567019,Clear,1
2025-10-26 23:19:18.192718,40.699274567460634,-73.90564334398167,23,6,1,0,26.559007765297608,Clear,0
2025-10-23 12:24:18.192770,40.936774303992784,-73.95999293936525,12,3,0,0,14.717210265980201,Rain,3
2025-10-22 01:52:18.192804,40.857493353819955,-73.99190611144085,1,2,0,0,18.76271663732827,Fog,2
2025-10-28 09:01:18.192839,40.648651840477704,-73.9628077455326,9,1,0,1,26.971028559082725,Rain,4
2025-10-27 11:05:18.192947,40.74794482075416,-73.89898497616836,11,0,0,0,11.797586705512984,Clear,1
2025-10-26 18:04:18.192989,40.64528217250256,-74.02045186707156,18,6,1,1,21.067871934741735,Clear,2
2025-10-25 08:26:18.193033,40.751861317772935,-73.9267067059514,8,5,1,1,15.265419063676404,Clear,3
2025-10-26 16:52:18.193067,40.75753993464668,-74.08155033345997,16,6,1,0,24.264958189196886,Rain,1
2025-10-23 15:28:18.193101,40.6339059231241,-74.05308289765138,15,3,0,0,20.595529683136153,Clear,1
2025-10-23 05:45:18.193135,40.565067195909386,-73.98022391171399,5,3,0,0,15.935377787706384,Clear,0
2025-10-28 04:33:18.193169,40.41084878441792,-73.98761504552463,4,1,0,0,13.510861187275012,Clear,1
2025-10-21 16:56:18.193203,40.46045125297921,-73.82593413700364,16,1,0,0,9.154662067079487,Clear,1
2025-10-26 08:23:18.193241,40.64325307686784,-73.85029014593758,8,6,1,1,10.357053602436318,Clear,3
2025-10-26 23:35:18.193283,40.78348174293137,-73.9129743843758,23,6,1,0,21.897117287255252,Clear,0
2025-10-25 19:13:18.193320,40.76077874429842,-74.02338866415892,19,5,1,1,21.849008169289768,Clear,2
2025-10-25 14:50:18.193358,40.815542153533876,-74.07237203769797,14,5,1,0,28.50897962167972,Snow,2
2025-10-25 19:48:18.193395,40.637879304228576,-73.97182710852596,19,5,1,1,27.380803749096508,Clear,3
2025-10-26 12:31:18.193430,40.80933974845912,-73.88238692781938,12,6,1,0,9.446129829075126,Fog,3
2025-10-26 12:59:18.193464,40.71244920079915,-74.1030003967509,12,6,1,0,19.269665201811975,Clear,1
2025-10-22 15:36:18.193500,40.657746315050844,-74.12807124259142,15,2,0,0,32.35121821948528,Clear,1
2025-10-24 16:01:18.193566,40.75204651411266,-73.94304058636061,16,4,0,0,26.481372699075333,Rain,3
2025-10-22 19:49:18.193603,40.63859938643424,-74.04779635038386,19,2,0,1,11.303369187253056,Rain,4
2025-10-27 22:28:18.193638,40.8675999753924,-74.08214075432848,22,0,0,0,16.713815242510154,Clear,1
2025-10-22 16:05:18.193670,40.538415188336714,-73.9940981593946,16,2,0,0,17.714000846599813,Rain,2
2025-10-27 05:05:18.193706,40.62689120576359,-73.88646638819972,5,0,0,0,29.140219592182046,Snow,2
2025-10-27 19:08:18.193743,40.70188914823474,-74.05485975819927,19,0,0,1,3.0382093230441214,Rain,4
2025-10-23 12:02:18.193780,40.7359648015484,-73.89621576391117,12,3,0,0,4.752945500121941,Clear,1
2025-10-24 10:00:18.193823,40.592172869071725,-74.1340268409363,10,4,0,0,26.28715860800305,Rain,2
2025-10-25 20:52:18.193859,40.729276084123654,-74.00091122981439,20,5,1,0,26.702198972773388,Rain,2
2025-10-27 17:32:18.193883,40.74258949164787,-73.94937191202827,17,0,0,1,13.800658125951038,Snow,4
2025-10-25 05:40:18.193945,40.643295633985026,-74.01011694769126,5,5,1,0,20.208864882959617,Fog,2
2025-10-26 05:40:18.193971,40.645716396326655,-73.94303001472875,5,6,1,0,28.328993285973894,Rain,1
2025-10-26 18:45:18.193992,40.80314490360911,-73.9999391164325,18,6,1,1,31.228639537338076,Clear,3
2025-10-26 06:04:18.194012,40.837118343721436,-74.09588131880349,6,6,1,0,21.656589435685323,Clear,0
2025-10-28 12:25:18.194032,40.71231753780949,-73.92869866377463,12,1,0,0,18.992617545939947,Clear,1
2025-10-22 22:43:18.194052,40.64290495605364,-73.88077870902401,22,2,0,0,21.076950056467826,Snow,3
2025-10-23 10:22:18.194072,40.740973506382936,-73.84916607239698,10,3,0,0,42.88947489713207,Clear,1
2025-10-25 12:14:18.194092,40.570404284754986,-74.03266523292343,12,5,1,0,24.478617477517936,Clear,1
2025-10-28 09:34:18.194115,40.7413918660476,-74.08789966901587,9,1,0,1,25.466953237658757,Clear,3
2025-10-26 13:37:18.194151,40.69104592514161,-74.1549000355124,13,6,1,0,14.94343640062559,Snow,2
2025-10-28 04:12:18.194176,40.766314143545536,-73.93006120606908,4,1,0,0,11.633720707093689,Clear,1
2025-10-23 14:32:18.194196,40.70431101814977,-74.13033239284061,14,3,0,0,27.19757942148182,Rain,2
2025-10-25 04:15:18.194216,40.769031662062325,-73.96427365521419,4,5,1,0,24.63443072360819,Rain,1
2025-10-27 06:12:18.194236,40.587759226603026,-73.94554846736446,6,0,0,0,24.695718183484328,Clear,2
2025-10-25 13:39:18.194255,40.628328353824394,-74.08780860496105,13,5,1,0,54.958777896000996,Clear,0
2025-10-24 15:59:18.194275,40.57838855296368,-74.16632604668159,15,4,0,0,1.334600486393839,Rain,3
2025-10-24 15:06:18.194294,40.52876709637658,-73.84498284706214,15,4,0,0,24.87164440220192,Rain,3
2025-10-22 22:10:18.194313,40.60425439231038,-73.93515789571055,22,2,0,0,24.917963315880797,Clear,1
2025-10-22 01:17:18.194332,40.874521257496866,-73.99556440624768,1,2,0,0,27.792738873941634,Clear,0
2025-10-25 23:14:18.194352,40.6938879609223,-73.91383498880755,23,5,1,0,16.391085805753928,Rain,0
2025-10-23 19:17:18.194371,40.58756065555869,-73.9696368117375,19,3,0,1,16.337684606817383,Clear,4
2025-10-24 18:27:18.194392,40.452378614337285,-73.98610518532035,18,4,0,1,15.214327579838862,Rain,4
2025-10-24 02:24:18.194412,40.81865043004512,-74.05403774909803,2,4,0,0,13.955083912199516,Clear,0
2025-10-26 07:08:18.194431,40.66238201689924,-74.01415226731017,7,6,1,1,26.902368003802724,Clear,1
2025-10-22 13:17:18.194450,40.626157938855144,-73.94143845258303,13,2,0,0,19.719096865919777,Clear,1
2025-10-27 13:12:18.194470,40.83453735697516,-73.92394445809936,13,0,0,0,2.7419327120940338,Rain,2
2025-10-23 12:06:18.194491,40.65573286513867,-73.93257817812918,12,3,0,0,16.413906805424578,Clear,1
2025-10-26 14:31:18.194510,40.65304898053084,-73.86376301383015,14,6,1,0,14.015740646564396,Clear,1
2025-10-28 13:11:18.194529,40.726125723386126,-74.18092200430102,13,1,0,0,16.752265267208248,Clear,3
2025-10-23 13:29:18.194555,40.553953545958244,-73.92670651465069,13,3,0,0,16.160287280476485,Rain,3
2025-10-25 06:47:18.194574,40.48188162687151,-73.99029463945986,6,5,1,0,25.345056484805504,Snow,3
2025-10-26 15:20:18.194593,40.67102202025682,-73.91177618485027,15,6,1,0,26.41815530241691,Clear,0
2025-10-23 04:29:18.194612,40.75675012306203,-73.92810634964879,4,3,0,0,26.336115405758314,Rain,2
2025-10-24 11:37:18.194631,40.69450983428848,-74.20251005743536,11,4,0,0,27.941400600761792,Clear,1
2025-10-27 12:57:18.194650,40.70677110086084,-73.96052048303576,12,0,0,0,28.90383163519786,Clear,2
2025-10-26 11:29:18.194668,40.941780579746045,-73.81324306148218,11,6,1,0,18.192395102044397,Clear,0
2025-10-22 06:56:18.194688,40.76200188479928,-74.05860348426675,6,2,0,0,10.036083108329327,Clear,1
2025-10-22 14:58:18.194706,40.770805324844815,-73.9048923542449,14,2,0,0,29.674877492386386,Rain,2
2025-10-24 15:45:18.194728,40.647860830625625,-73.92879052110247,15,4,0,0,32.11943985386401,Rain,3
2025-10-24 20:27:18.194761,40.57825151637478,-73.93779404914233,20,4,0,0,7.731244654862106,Clear,1
2025-10-21 16:36:18.194781,40.56056408137821,-73.894731162501,16,1,0,0,13.147938021405942,Rain,2
2025-10-23 18:01:18.194801,40.65921985369477,-74.1767357957593,18,3,0,1,15.677621608353732,Rain,4
2025-10-23 09:43:18.194822,40.72927437874644,-74.01005183500358,9,3,0,1,14.41005272118002,Rain,4
2025-10-26 00:15:18.194842,40.86483392373095,-74.05547809457669,0,6,1,0,10.36241073789389,Clear,0
2025-10-23 12:18:18.194861,40.753291409895915,-74.01023356581982,12,3,0,0,23.881702576679903,Clear,2
2025-10-22 23:25:18.194880,40.746912731343976,-74.13475190260593,23,2,0,0,12.028572755934327,Clear,1
2025-10-25 22:18:18.194915,40.5380546915305,-74.01880417062746,22,5,1,0,22.07267329398944,Clear,0
2025-10-22 15:35:18.194937,40.704461572472574,-73.98743074102589,15,2,0,0,36.734520902985366,Clear,2
2025-10-23 13:46:18.194958,40.6223085347944,-73.86049394175183,13,3,0,0,39.48670957721485,Clear,1
2025-10-24 12:12:18.194978,40.92833327481906,-74.10375621254727,12,4,0,0,25.977317081136242,Clear,2
2025-10-23 07:18:18.194998,40.62634342727217,-73.8364611541548,7,3,0,1,4.688924974442779,Clear,4
2025-10-26 16:28:18.195017,40.7885905396111,-73.8600892842698,16,6,1,0,26.462973694035725,Rain,1
2025-10-25 00:34:18.195036,40.710444784912575,-74.02343542579028,0,5,1,0,23.16540326608632,Clear,0
2025-10-24 03:33:18.195055,40.43080690679966,-73.94775518753451,3,4,0,0,22.638517010739346,Fog,2
2025-10-28 00:33:18.195074,40.793553099981885,-74.10332423133725,0,1,0,0,22.942241290134938,Clear,0
2025-10-25 04:23:18.195093,40.705387289357,-74.03021492258239,4,5,1,0,10.268846397786797,Clear,0
2025-10-24 07:18:18.195113,40.874297681891115,-73.90629062445055,7,4,0,1,24.99685110302934,Clear,4
2025-10-26 21:07:18.195132,40.80447449190592,-74.07527314644886,21,6,1,0,3.230915260307455,Clear,1
2025-10-22 00:19:18.195152,40.63647138958214,-74.00220621645524,0,2,0,0,21.53831916078257,Clear,1
2025-10-27 04:01:18.195171,40.79813864433291,-74.04488288533086,4,0,0,0,15.796048776383728,Snow,3
2025-10-24 02:58:18.195190,40.79587098504961,-74.10773239077974,2,4,0,0,39.92515353168118,Clear,0
2025-10-25 12:45:18.195209,40.67315641705686,-73.86633715204927,12,5,1,0,24.65584016541032,Clear,1
2025-10-26 09:32:18.195228,40.546339026496625,-73.84338572012169,9,6,1,1,29.78924006865424,Clear,2
2025-10-27 08:49:18.195248,40.642876178271486,-74.05523580739936,8,0,0,1,27.903718960517114,Clear,4
2025-10-23 10:45:18.195268,40.691907151312044,-73.87920778666681,10,3,0,0,38.69615330504517,Rain,2
2025-10-27 11:25:18.195287,40.68565185323931,-73.9904477574045,11,0,0,0,15.072504472200475,Snow,4
2025-10-27 16:15:18.195306,40.700254573999715,-73.97321204758407,16,0,0,0,27.076364237084874,Clear,2
2025-10-26 11:21:18.195325,40.68982003694248,-74.09114064342603,11,6,1,0,5.99326008881437,Clear,1
2025-10-21 15:43:18.195358,40.73028177688088,-73.98953448446414,15,1,0,0,40.56543564829541,Rain,2
2025-10-22 18:37:18.195382,40.87227340073169,-74.06988615279444,18,2,0,1,-7.610619661559895,Clear,3
2025-10-24 03:44:18.195403,40.72264628170742,-73.89392625551834,3,4,0,0,23.74278180481145,Rain,1
2025-10-27 18:49:18.195422,40.87002421665197,-74.0640416847218,18,0,0,1,23.135379672835153,Snow,4
2025-10-27 08:43:18.195443,40.723374947944436,-74.15872199224714,8,0,0,1,6.223824992457628,Rain,4
2025-10-23 23:50:18.195463,40.72405507150082,-73.96149641358838,23,3,0,0,4.140166877620416,Clear,0
2025-10-21 14:35:18.195481,40.62810876716831,-73.83401537888975,14,1,0,0,13.821075312676196,Rain,2
2025-10-24 12:53:18.195500,40.74558211728431,-73.91357298604622,12,4,0,0,22.51836750623619,Clear,1
2025-10-25 00:24:18.195520,40.702613660563436,-73.93355895285664,0,5,1,0,9.826663432452264,Fog,2
2025-10-25 03:43:18.195539,40.76653156575442,-73.87256496740507,3,5,1,0,10.934301182228658,Snow,2
2025-10-24 03:57:18.195558,40.78540034325677,-74.1000644897641,3,4,0,0,29.154170212302745,Snow,3
2025-10-28 13:36:18.195577,40.750010547260686,-73.96708408043321,13,1,0,0,-0.858158589232886,Rain,2
2025-10-24 05:53:18.195596,40.81721910887909,-73.69381031025739,5,4,0,0,15.849984176648807,Rain,0
2025-10-24 12:51:18.195614,40.69434153367547,-74.07581955330916,12,4,0,0,19.57176618688425,Rain,3
2025-10-24 04:16:18.195633,40.685229780707914,-73.91193038561774,4,4,0,0,13.932997052347034,Clear,1
2025-10-26 02:13:18.195652,40.683322071570025,-73.87138217363734,2,6,1,0,1.2344729395812593,Fog,2
2025-10-21 14:19:18.195671,40.58737011370643,-74.15309087571876,14,1,0,0,13.952553354617873,Clear,0
2025-10-25 18:20:18.195690,40.69975401309606,-74.04553054774398,18,5,1,1,31.10117606666318,Snow,4
2025-10-28 04:08:18.195709,40.69265084660525,-74.00665213152294,4,1,0,0,22.685339864648085,Rain,2
2025-10-25 05:52:18.195728,40.85634357858394,-74.22693516058233,5,5,1,0,33.383637314463854,Clear,0
2025-10-24 05:29:18.195748,40.63270192066823,-73.85535782779984,5,4,0,0,8.508451157602025,Rain,1
2025-10-22 06:47:18.195767,40.88279573745764,-73.89884568477652,6,2,0,0,38.64625056823079,Snow,4
2025-10-26 12:18:18.195785,40.63793197984949,-74.17602097425177,12,6,1,0,33.693876725962944,Rain,1
2025-10-25 17:21:18.195804,40.636991467331285,-74.07473843120907,17,5,1,1,20.15618333949603,Clear,3
2025-10-23 20:55:18.195823,40.92053799955912,-73.86387170170475,20,3,0,0,1.8175956600285232,Clear,0
2025-10-26 19:02:18.195842,40.647016544614786,-73.92054747729334,19,6,1,1,20.983101922381024,Rain,3
2025-10-25 21:41:18.195861,40.59524053943752,-74.09550698422765,21,5,1,0,9.866841644022742,Clear,1
2025-10-23 14:52:18.195879,40.77420256472585,-73.95316071881322,14,3,0,0,27.393058408322965,Clear,2
2025-10-21 16:57:18.195910,40.66679237458665,-74.01263876175899,16,1,0,0,23.496500472996935,Clear,1
2025-10-23 19:28:18.195942,40.75008329917986,-73.95894852382392,19,3,0,1,20.679909075811665,Clear,3
2025-10-27 05:09:18.195965,40.90247381819966,-74.07831156306389,5,0,0,0,27.438766245146383,Clear,1
2025-10-25 01:25:18.195985,40.7884788679987,-73.94475312059863,1,5,1,0,19.02663181337317,Snow,1
2025-10-23 13:47:18.196004,40.70886927123724,-74.01944967844017,13,3,0,0,1.8796109887037993,Rain,3
2025-10-26 05:01:18.196022,40.77500699903061,-73.87310666804646,5,6,1,0,30.71411301887491,Rain,2
2025-10-24 22:21:18.196041,40.737730859564174,-73.90149115259152,22,4,0,0,37.6877178325942,Clear,0
2025-10-26 12:19:18.196060,40.87795462691923,-73.818608257897,12,6,1,0,5.130640274728824,Snow,2
2025-10-23 09:24:18.196079,40.565719491832674,-73.99188307013084,9,3,0,1,26.255080168310357,Fog,4
2025-10-28 00:06:18.196097,40.706185671512635,-74.07130916613504,0,1,0,0,9.410924129433996,Rain,2
2025-10-28 01:07:18.196117,40.7129379651008,-74.1336772952131,1,1,0,0,30.114630354083562,Rain,2
