lat,lon,timestamp,hour,day_of_week,is_weekend,is_peak_hour,temperature,humidity,weather_condition,wind_speed,average_speed,congestion_level
40.69238902184689,-74.02870787184493,2025-10-09 13:38:55.405998,13,3,0,0,27.674347291529088,31.23506965774815,Clear,19.398197043239886,38.881198819530795,1
40.754242702464296,-74.01122549012693,2025-09-30 06:56:55.406758,6,1,0,0,29.50369682396903,47.47374841188251,Clear,12.23705789444759,45.365823071875376,0
40.74477696298664,-73.99139474960924,2025-10-11 09:34:55.407024,9,5,1,1,25.97720466912608,60.8540663048167,Clear,11.84829137724085,29.462226656247278,2
40.69295698018345,-74.05050253850106,2025-10-01 01:39:55.407175,1,2,0,0,29.47439821046639,35.86032684038303,Clear,13.684660530243137,38.490064225776976,1
40.67862289071044,-74.04679450453831,2025-10-14 21:46:55.407286,21,1,0,0,23.893489132561232,69.75133706123893,Clear,6.2342215217882195,49.86502775262066,0
40.75956657278508,-74.00688334246824,2025-10-07 22:00:55.407356,22,1,0,0,9.561035917651651,85.59953194762765,Rain,14.545439917128418,36.30827425460654,1
40.71576010091272,-74.0397680675054,2025-10-18 19:50:55.407413,19,5,1,1,26.591905984289845,62.381527943344786,Fog,11.735023313276965,29.15908190747115,2
40.720015024623585,-74.02475676772207,2025-10-13 08:26:55.407548,8,0,0,1,6.332178611137023,47.60929048308229,Clear,0.2815964543016891,20.940256306700345,3
40.69597767409673,-74.04238412987674,2025-10-26 00:47:55.407591,0,6,1,0,25.970446461790758,84.89758053262685,Rain,17.000771555795986,56.933610247402584,0
40.7476610166546,-74.00084155286945,2025-10-14 23:42:55.407627,23,1,0,0,26.379529432248898,63.67460555086207,Rain,7.658537495075796,51.75153028345914,0
40.69656122350669,-74.05064875759417,2025-10-08 03:56:55.407660,3,2,0,0,23.328924404889296,56.36019011194621,Clear,4.034384046707924,54.67794753263152,0
40.6950068954173,-74.0357729490201,2025-10-27 10:26:55.407692,10,0,0,0,42.87225982957292,42.183673484086164,Clear,18.85707141115962,67.94280843008586,0
40.69280923377591,-74.05060322017347,2025-10-05 11:37:55.407724,11,6,1,0,16.838341031902274,57.392074228974614,Rain,4.368808744336672,54.76782058879411,0
40.760655532939545,-73.99212053093878,2025-10-28 10:04:55.407754,10,1,0,0,16.723378534022316,43.6761097525165,Snow,8.542155772525126,38.231172801298655,1
40.71045412866625,-74.0099551645158,2025-10-05 04:17:55.407784,4,6,1,0,17.10863143530058,50.25691028421768,Clear,18.858194078250385,60.061361479709525,0
40.77153740530766,-73.99356017016456,2025-10-19 15:26:55.407816,15,6,1,0,11.775106312199377,71.77825637038731,Clear,14.24541179848884,34.90080396375283,2
40.71624902335045,-73.99362983927064,2025-10-12 13:03:55.407848,13,6,1,0,5.7352111527444745,70.842327093286,Clear,10.618691666342727,59.227463390388394,0
40.771217783767156,-73.99831876950634,2025-10-25 09:02:55.407880,9,5,1,1,13.317533008675877,78.18838538279375,Clear,9.406012688920768,51.542845368214344,0
40.75500541975696,-73.98481900536652,2025-09-28 17:40:55.407909,17,6,1,1,8.02912936661697,71.74876840745291,Rain,17.167176096274396,35.8159705214775,1
40.695254831308475,-74.04021987159011,2025-10-03 03:29:55.407940,3,4,0,0,-4.696988650675973,80.26260635443967,Clear,13.513802340785615,58.87511614416269,0
40.698365166483036,-74.01225616295233,2025-10-25 22:47:55.407971,22,5,1,0,14.775385204674173,88.93010059976613,Rain,10.332717825420286,49.974241286464036,0
40.71432420862259,-73.99635189417671,2025-09-30 00:32:55.408000,0,1,0,0,9.351688471369942,80.79966853429835,Clear,17.126485837561848,60.00485607762105,0
40.76992687465462,-73.97943105929212,2025-10-07 01:26:55.408030,1,1,0,0,18.354995658380954,88.41983020531904,Clear,5.678419494749313,56.530483110497606,0
40.77215105661514,-73.99484681670228,2025-10-06 21:52:55.408059,21,0,0,0,27.87084603742452,49.52398188955606,Clear,14.929828102360483,60.493473923208654,0
40.70816792982654,-74.05819871056717,2025-10-22 04:49:55.408088,4,2,0,0,12.282192505067414,44.63937860274501,Clear,19.460211095048912,58.2206015999449,0
40.72107183249036,-73.97865577840938,2025-10-04 16:17:55.408118,16,5,1,0,20.93765430151947,59.55106162913184,Rain,3.90485975596089,50.656231673568186,0
40.71762472415244,-74.00724132388882,2025-10-04 20:30:55.408147,20,5,1,0,27.403408179477385,87.99928914262017,Snow,19.272399541785056,28.28957401395999,2
40.70683102668438,-74.02918068248188,2025-09-28 17:33:55.408178,17,6,1,1,17.319816481571277,53.68148800856834,Clear,16.884262814526227,29.163462874712216,2
40.703096028281465,-74.0547549986972,2025-10-22 16:06:55.408209,16,2,0,0,8.169603886649474,80.92018769548046,Clear,2.7324266288405763,38.52280027175,1
40.76357717077498,-73.97853202668836,2025-10-26 10:54:55.408238,10,6,1,0,5.640991806259681,34.895650824014425,Clear,0.10369725547973552,38.377344371921275,1
40.70592824824668,-74.02160557072438,2025-09-30 05:51:55.408268,5,1,0,0,40.00348089106104,70.32156811771196,Clear,6.563053349494639,48.34690385446437,0
40.7597019871254,-73.9898193186579,2025-10-14 08:20:55.408298,8,1,0,1,30.88950596967366,37.623630759113084,Clear,10.444865201096087,27.51280916766065,2
40.71798694457718,-74.00974521559091,2025-09-30 17:14:55.408329,17,1,0,1,7.087838868638173,71.97073264603162,Rain,2.767061848356027,23.771310186446186,3
40.7146645431477,-74.0104449874422,2025-10-24 10:56:55.408360,10,4,0,0,3.30867640909468,34.70738288053596,Rain,0.5070148683091502,23.798859306739146,3
40.721457551941704,-74.0093424709115,2025-10-02 17:32:55.408391,17,3,0,1,16.821530934894167,45.01457388987572,Clear,10.984533294122409,33.02992367388274,2
40.715068488219806,-74.01783573167944,2025-09-30 22:06:55.408420,22,1,0,0,22.289704322304377,37.20987886833853,Clear,6.837593334328032,71.34641248007408,0
40.71879896633711,-73.98486887843042,2025-10-07 19:59:55.408450,19,1,0,1,15.015933772935544,32.88353545182203,Clear,18.982914631827718,34.19455429115993,2
40.75974163521008,-73.97942231632243,2025-10-26 11:41:55.408480,11,6,1,0,21.481817313791492,86.65509582751005,Rain,17.343978671100075,78.5955200455005,0
40.702005407616774,-74.02316966625344,2025-09-29 04:34:55.408510,4,0,0,0,0.47912200477498246,86.48788852659152,Rain,7.722052756015485,24.82098414009074,3
40.70411915774596,-74.01018508881211,2025-10-01 07:36:55.408540,7,2,0,1,18.88581223418409,67.09523306027357,Clear,6.7310842977745295,25.98615103609989,2
40.749087996647624,-73.98538421457599,2025-10-16 04:54:55.408594,4,3,0,0,2.8357555405602817,71.57342152151637,Clear,6.966732089063948,65.54922676636602,0
40.68414119946765,-74.06666761054483,2025-09-28 21:15:55.408627,21,6,1,0,33.89566338614964,64.1112170249975,Fog,11.518491505161691,41.243339481286256,1
40.68372276517041,-74.042695074945,2025-10-12 19:26:55.408658,19,6,1,1,30.710415241175088,44.31581158742041,Clear,13.596895598004917,33.3521079648982,2
40.68941003841633,-74.0468922479787,2025-09-30 14:57:55.408688,14,1,0,0,28.53974711067856,30.6502590888179,Clear,18.107639528385274,63.05478807154329,0
40.71547636014163,-74.01453259942038,2025-10-23 02:13:55.408718,2,3,0,0,19.857194522949055,35.502248835508865,Clear,12.04881851802238,51.0356808444235,0
40.695870561034695,-74.04462246772847,2025-10-13 20:35:55.408748,20,0,0,0,11.027456285141685,33.45352560099866,Rain,10.99057764647471,46.16542663618489,0
40.72083813051376,-74.00187068545725,2025-10-15 01:37:55.408778,1,2,0,0,14.362754471960253,67.09308379897567,Clear,2.022453522455805,46.90907490803078,0
40.69123822727527,-74.04921038305618,2025-10-13 15:40:55.408808,15,0,0,0,22.320499373576364,35.09026284511152,Rain,19.732791570023508,36.53357274477952,1
40.71738441296562,-74.02343285247211,2025-10-16 22:55:55.408837,22,3,0,0,30.694779520408694,72.490871734992,Snow,9.633339759282308,28.09578728837614,2
40.75730061470036,-73.98812324242077,2025-10-17 04:53:55.408866,4,4,0,0,19.95437171009704,58.11963851964758,Clear,1.126065513636747,58.576596232020194,0
40.72050863101464,-74.00708760148457,2025-10-16 06:53:55.408895,6,3,0,0,24.017117220989412,47.14272517691164,Clear,17.371982563789206,62.71138225980915,0
40.759025924007815,-73.98036372612273,2025-09-30 01:28:55.408924,1,1,0,0,20.54350577938571,61.38587065020893,Clear,12.58797276270525,52.24092481810417,0
40.774158299572505,-73.98653283258717,2025-10-28 00:19:55.408953,0,1,0,0,13.99395318750415,36.40536395615306,Rain,6.713201295939264,32.82210934910955,2
40.74079868675004,-73.98168244024222,2025-10-23 22:30:55.408983,22,3,0,0,38.761708392158866,48.571656977179664,Clear,16.275900394138972,60.32600404017977,0
40.731114587658546,-74.00673611115792,2025-10-17 17:15:55.409012,17,4,0,1,17.177788110127892,78.63319984690997,Snow,19.74552258629889,13.247160454725687,4
40.71193586493168,-74.00714539845252,2025-10-15 03:36:55.409042,3,2,0,0,32.378163119734616,54.88917014025991,Rain,5.468141438614125,42.727377588471626,1
40.708315296065095,-74.04283570464197,2025-10-18 20:52:55.409071,20,5,1,0,28.075556316054293,73.56725064431089,Rain,15.141624040849118,51.28758641287214,0
40.682707527216664,-74.05322103765404,2025-10-07 22:39:55.409101,22,1,0,0,13.289760888493046,82.69324004875153,Clear,15.139982643444574,42.60381230570648,1
40.7562173693805,-73.97572927479685,2025-10-23 17:30:55.409131,17,3,0,1,14.306738694512223,88.07842592638939,Rain,1.7681644673129315,7.304787774544529,4
40.71459257791211,-74.03856257824158,2025-10-28 07:51:55.409164,7,1,0,1,32.12815073682685,78.30268005116172,Clear,18.063021173532526,26.62044833123782,2
40.77163993390589,-73.98258805027781,2025-10-03 10:12:55.409193,10,4,0,0,15.462033350278439,62.846778413946694,Clear,9.018208948322089,66.105784632233,0
40.69250700557064,-74.06153382439355,2025-10-01 19:40:55.409235,19,2,0,1,19.444523011033812,57.54814537429568,Snow,19.600651505709543,21.53357055622829,3
40.69838804239504,-74.00233401753903,2025-10-02 11:12:55.409274,11,3,0,0,10.601202136726448,40.91280506394869,Clear,6.913345666477264,61.22677684798021,0
40.686006399924665,-74.04980257618372,2025-10-11 06:54:55.409305,6,5,1,0,12.071271677376558,40.62062905660481,Clear,1.7740506751411123,84.66111130345767,0
40.709928599025766,-74.01818489641286,2025-10-25 18:47:55.409335,18,5,1,1,8.396749747306941,35.53743517372477,Clear,9.622907881125863,41.65944448112699,1
40.75931665267125,-73.98328493022373,2025-10-05 21:01:55.409365,21,6,1,0,12.247682063323124,89.1754197520089,Clear,10.73181291974665,45.287363949622765,0
40.772568742674444,-73.97658597907622,2025-10-04 15:40:55.409394,15,5,1,0,10.120641542034587,83.71241026123195,Clear,10.233548842313322,41.81770725361737,1
40.679644595594,-74.0526050584698,2025-09-29 15:54:55.409424,15,0,0,0,10.954581162129287,52.63704978627736,Clear,0.40142395555452737,48.72082408519233,0
40.70404991332542,-74.00949783760957,2025-10-19 09:09:55.409454,9,6,1,1,-1.1069952115017827,51.306258196758286,Clear,12.97645680583152,36.541914810690145,1
40.764456402396334,-73.97030566072172,2025-10-17 03:57:55.409483,3,4,0,0,39.86136406226883,52.726357557077364,Clear,6.748936677438362,65.6281356620811,0
40.742520059642864,-73.99127090408287,2025-10-22 13:52:55.409512,13,2,0,0,7.411579584478048,59.26858804852428,Clear,17.016350356722924,49.88772556620362,0
40.750590498835884,-73.98119746731017,2025-10-05 22:52:55.409541,22,6,1,0,19.150911675041677,81.93042755363882,Clear,16.3414414189856,60.58225953533792,0
40.71846755926919,-74.02346161558661,2025-10-11 17:58:55.409570,17,5,1,1,46.16699946601593,80.31495352215748,Rain,4.101551202989182,33.49930533401716,2
40.765286236498376,-73.96663019668553,2025-10-27 20:04:55.409599,20,0,0,0,22.659552693544324,76.06677008657033,Rain,1.7458035917935089,32.72245639881238,2
40.763668280943236,-73.99257969989827,2025-10-12 22:01:55.409628,22,6,1,0,-1.388003148093155,62.91618707628919,Clear,10.978439597779545,57.62444437558422,0
40.76650251094635,-73.97980195822085,2025-10-02 06:30:55.409658,6,3,0,0,34.415686206579004,58.2945713130095,Rain,8.236818282945372,35.18425056882892,1
40.759793939191454,-73.98423410212527,2025-10-27 19:41:55.409688,19,0,0,1,18.443227646079205,64.46838679079471,Clear,16.83657553516544,31.01837570634224,2
40.69557966699021,-74.05023753800307,2025-10-27 15:35:55.409723,15,0,0,0,13.192557254294464,68.02551382321064,Rain,18.15732260925032,46.102778326384964,0
40.72104900186129,-74.00047466847653,2025-10-08 08:43:55.409753,8,2,0,1,22.955504509791528,67.44609265091026,Clear,10.79562123829266,40.25575496837772,1
40.699169400682784,-74.05197107888941,2025-10-11 11:57:55.409782,11,5,1,0,20.54919298652257,43.74152345548778,Clear,10.856986212268179,37.669081429744246,1
40.77033754043207,-73.98000621883664,2025-10-17 11:45:55.409812,11,4,0,0,32.473270552317246,62.007665518579294,Clear,17.877851661019154,35.214137542201584,1
40.722898949610496,-74.00952124720304,2025-10-06 02:12:55.409844,2,0,0,0,15.746787658381553,72.84384493341685,Rain,9.879629742617253,46.625227923120846,0
40.73693485399168,-73.95335557862873,2025-10-15 01:33:55.409873,1,2,0,0,21.822406046566535,59.18144891973647,Rain,8.179103541709864,33.76459043297974,2
40.71144899692085,-73.99881901451748,2025-10-12 21:52:55.409906,21,6,1,0,35.67594420878968,79.6079296685447,Clear,19.181495891280555,60.32717645782654,0
40.75284936924008,-73.98778834176795,2025-10-07 15:02:55.409936,15,1,0,0,15.601357123845824,73.56573516374405,Rain,11.859258105176432,26.564325743985677,2
40.719524250188954,-74.01227418884378,2025-10-25 11:50:55.409966,11,5,1,0,15.046107570687532,41.17925276964724,Clear,16.749815780049843,74.45964776760897,0
40.70550525897696,-73.99202835572451,2025-10-22 15:25:55.409995,15,2,0,0,13.096007156982502,42.334788502538245,Rain,15.755797774289848,31.562904889071262,2
40.749424602127135,-73.98575477353758,2025-10-07 18:47:55.410024,18,1,0,1,28.07417361082801,58.850218685344416,Snow,18.369094498786023,17.24393988584966,3
40.6877096333327,-74.07146886642941,2025-10-27 16:57:55.410054,16,0,0,0,19.457051334821877,84.890754064086,Clear,7.247877982332662,38.74580992253111,1
40.68264890232809,-74.04487035913719,2025-10-01 21:40:55.410083,21,2,0,0,24.294482453836693,63.43832213340287,Clear,17.212640357814678,43.275321506294844,1
40.6800944215526,-74.0581270360354,2025-10-05 11:39:55.410112,11,6,1,0,0.8874632010597594,77.98692132445616,Clear,6.98773998098666,53.060232924872395,0
40.75346575228866,-73.9712141773096,2025-10-18 00:15:55.410142,0,5,1,0,-6.593513570493727,56.44576481629369,Clear,8.01526121750652,59.60696075740802,0
40.75518559134004,-73.98659877966763,2025-10-16 07:45:55.410171,7,3,0,1,25.27764760931661,46.244680388613226,Snow,12.879990864780314,16.766324661310744,3
40.705073328577264,-73.99878327935957,2025-10-10 00:21:55.410202,0,4,0,0,8.709482287827708,31.182632265261848,Rain,2.082171639691477,43.88252797248363,1
40.67866741279355,-74.04690325398158,2025-09-30 21:23:55.410232,21,1,0,0,16.251791924504026,73.33601591133956,Clear,17.113929362125717,55.004775194206324,0
40.67912910635694,-74.03856898742032,2025-10-07 01:18:55.410261,1,1,0,0,16.904535606860097,30.78011541064416,Clear,1.7101706170893616,66.46397242679973,0
40.67668886423615,-74.05691501230949,2025-10-12 13:02:55.410291,13,6,1,0,11.836945909451543,52.78154449003601,Clear,11.805898850296154,63.913596266905415,0
40.69110122312959,-74.00388982532797,2025-10-21 21:55:55.410320,21,1,0,0,19.032868881296075,75.81634764958565,Clear,2.802263515329051,62.46694736529587,0
40.762236435314506,-73.96231521271812,2025-10-11 20:06:55.410348,20,5,1,0,-7.840042288020221,74.50121665371994,Clear,13.976917063218089,59.761323246110514,0
40.710960166636475,-74.01888447379757,2025-10-15 02:15:55.410377,2,2,0,0,21.00817422254052,46.338439591162135,Fog,0.36781353094933467,36.19605806689559,1
40.76441863655309,-73.97480844362674,2025-10-17 02:48:55.410407,2,4,0,0,24.725974824130432,42.3852763056362,Clear,0.21991657316960955,33.70407014023672,2
40.703634541752244,-74.00698862877046,2025-10-26 21:43:55.410437,21,6,1,0,42.97958975997083,64.39766269076404,Clear,16.762139263565917,70.93651434965476,0
40.72734927808326,-74.0045279217063,2025-10-15 06:50:55.410466,6,2,0,0,17.7745852782886,34.094982321245496,Clear,16.741579814060586,45.81295159193551,0
40.69352308731191,-74.04577695850611,2025-10-15 07:26:55.410495,7,2,0,1,25.55145288711121,87.24521619237798,Rain,2.7000255484241387,25.106338630096815,2
40.71425226777129,-74.0022541489055,2025-10-26 17:06:55.410526,17,6,1,1,9.51171665918324,58.45423852202218,Rain,6.887674640884665,21.703921195702918,3
40.72881238227142,-73.99614277283176,2025-10-22 05:11:55.410555,5,2,0,0,14.055354518617781,87.72592714584707,Clear,15.800271175837121,57.6798326969457,0
40.71324766867095,-73.9990837931905,2025-10-18 08:53:55.410584,8,5,1,1,32.86148455106442,75.54215073233098,Fog,14.482066585462771,20.822219766101348,3
40.742290390664834,-73.97691515265362,2025-10-02 07:02:55.410614,7,3,0,1,21.33847654246,32.03675871514793,Clear,13.948405344936798,29.579005731248117,2
40.719615006973726,-74.01065450182404,2025-10-06 07:45:55.410643,7,0,0,1,28.865174125690544,79.73492844904064,Snow,0.7401526943098524,17.85760144611604,3
40.70197926829238,-74.04636871644162,2025-10-23 04:58:55.410673,4,3,0,0,15.60268941725825,62.36947754252023,Rain,15.814463296779271,31.66012100618289,2
40.715630322053954,-74.00517716010725,2025-10-03 20:27:55.410702,20,4,0,0,30.654803750653514,86.34406191077377,Rain,15.975664715473307,46.94212019336711,0
40.6823656820987,-74.0215110187638,2025-10-27 14:36:55.410736,14,0,0,0,16.37161439560341,82.42062685118032,Clear,19.681669383985902,62.23170950591457,0
40.74131401000005,-73.98930186817095,2025-10-26 06:20:55.410765,6,6,1,0,17.182153911394927,51.27732945844659,Rain,5.744779833081635,31.854524878720998,2
40.75640268717174,-73.98755069618316,2025-10-26 19:03:55.410794,19,6,1,1,11.16842754903523,37.46625343781138,Clear,19.1283139511885,39.31254007415746,1
40.71330306522756,-73.99768457242291,2025-10-27 16:41:55.410823,16,0,0,0,22.076126882280644,89.35109458880154,Snow,14.867056457872483,31.644034710513427,2
40.684162955193266,-74.04578211526095,2025-10-09 15:57:55.410853,15,3,0,0,14.9886003272143,32.203916245596815,Clear,19.14540525966651,56.18140595280681,0
40.7531925370625,-73.98166381410465,2025-10-09 14:59:55.410882,14,3,0,0,16.234473489777344,43.46643431019964,Rain,4.476352296452461,51.364033983918844,0
40.69084697827437,-74.05062788690485,2025-10-24 14:26:55.410911,14,4,0,0,16.12298440064016,83.32488479213863,Snow,19.113029964595068,24.959339528499967,3
40.75689287051662,-73.99475617599877,2025-10-18 20:55:55.410940,20,5,1,0,11.465859602503457,30.304928389081557,Rain,13.914285856995004,52.86465275987364,0
40.76113787951638,-74.01990808828761,2025-10-27 16:16:55.410969,16,0,0,0,11.297767578564883,65.54446707957106,Snow,16.493619318502983,26.89433220578297,2
40.76352548552647,-73.97919345169308,2025-10-02 21:26:55.410999,21,3,0,0,31.08703580582908,81.03490374565452,Snow,17.34588401919605,20.16362239401566,3
40.721374459317175,-73.99217841008962,2025-10-26 03:55:55.411031,3,6,1,0,26.48709887589643,39.51630631758442,Rain,17.61741518397857,52.823199668995464,0
40.750564410127204,-73.98141326691128,2025-09-30 13:11:55.411060,13,1,0,0,16.066611876726395,79.92805067746451,Rain,10.149354675216724,37.03741305122163,1
40.67430606940351,-74.05809856140979,2025-10-05 16:00:55.411089,16,6,1,0,27.46253566027221,68.04034218597668,Fog,10.799707594317109,48.86912264535881,0
40.68518620242668,-74.04545295532387,2025-09-29 07:10:55.411118,7,0,0,1,22.79021525770339,67.9573135880369,Clear,18.64056211020035,31.59948328016962,2
40.71688512348378,-73.9952636825014,2025-10-10 04:04:55.411149,4,4,0,0,9.734847005889398,34.041036088126305,Clear,11.643409203525465,51.75545829890508,0
40.705401257235366,-74.0122907197207,2025-10-13 03:36:55.411178,3,0,0,0,18.31444125937239,79.29077684444646,Clear,7.436670584774491,70.20401963682112,0
40.7080115706944,-74.05679869378241,2025-10-17 09:45:55.411207,9,4,0,1,18.22259678512594,77.68857292499575,Clear,13.873644515629772,26.66880283984081,2
40.75535375817066,-73.98079159755666,2025-10-07 19:24:55.411248,19,1,0,1,22.43307664128366,81.44160552554992,Snow,19.290409445404173,16.256486949889073,3
40.69163339449322,-74.05160871930411,2025-10-20 22:59:55.411284,22,0,0,0,13.30878918887357,31.86804497307068,Snow,13.033336507517701,29.72648390186701,2
40.74233586294525,-73.9866865549587,2025-10-25 02:21:55.411314,2,5,1,0,8.133584826349525,61.821263623695366,Clear,0.3572378495663875,90.1865544944907,0
40.71023189691581,-74.00761625745463,2025-10-10 15:26:55.411345,15,4,0,0,6.587253289817134,30.073910109985555,Fog,11.966545302448539,38.59684635145882,1
40.74310276929288,-73.98065344814333,2025-10-08 00:10:55.411375,0,2,0,0,10.04644636075983,49.555527837124494,Clear,11.805278777712449,53.655067348266925,0
40.688946109536154,-74.0490230631925,2025-10-19 06:22:55.411404,6,6,1,0,-4.238793266289566,66.00123288715822,Clear,5.833251574186065,56.677213922443464,0
40.717588721639316,-74.0156697614313,2025-10-27 13:11:55.411433,13,0,0,0,19.5228864385802,44.522700951751645,Clear,19.73325186534293,53.72131391093161,0
40.68830304373193,-74.04387497266751,2025-10-04 16:46:55.411462,16,5,1,0,12.195259936746563,82.952009149176,Clear,1.6501706888084255,42.32989946350789,1
40.719208428612674,-74.01093462816364,2025-10-09 09:08:55.411491,9,3,0,1,15.550166786261403,36.274070420064014,Rain,12.728604990872734,32.62889532887771,2
40.70303145000872,-74.04078040099242,2025-09-29 22:28:55.411520,22,0,0,0,18.280683096354792,86.84102775786232,Rain,12.506093204278956,53.613569668267694,0
40.756847453703855,-73.97158521570526,2025-10-15 20:09:55.411549,20,2,0,0,24.641346602233035,58.854229886939095,Clear,0.8150821218494553,71.15755721916655,0
40.754061141659456,-73.99541576246871,2025-10-24 05:00:55.411578,5,4,0,0,14.707017624537801,77.38191042854875,Snow,13.174155510017522,26.09149197831331,2
40.69356323669674,-74.05577827220502,2025-10-15 12:26:55.411607,12,2,0,0,25.642773880267363,70.81369454587748,Clear,1.4439681795835169,67.27543170100711,0
40.692717546765934,-74.03318747209602,2025-10-21 14:23:55.411638,14,1,0,0,17.252525048255826,67.72588909235671,Fog,14.707005973315052,32.64364090875188,2
40.76237402636642,-73.98919455244979,2025-10-25 23:46:55.411667,23,5,1,0,20.766161054584607,53.73091019094092,Clear,12.12377427122343,97.25840914160065,0
40.70053546774503,-74.05338210755447,2025-10-16 16:00:55.411696,16,3,0,0,6.369603414488784,53.03082911206778,Fog,9.31625614040497,39.1984869917531,1
40.70562712050044,-73.98940052397275,2025-10-12 00:45:55.411725,0,6,1,0,32.75644482625774,52.37091823133606,Clear,10.252304104116103,68.99162900877003,0
40.70909385667914,-74.02834426442314,2025-10-01 19:51:55.411755,19,2,0,1,22.35199828854701,65.57705108609565,Clear,3.2704774517004553,33.26160092756659,2
40.68624737767292,-74.02733234519685,2025-10-17 01:59:55.411785,1,4,0,0,35.37611560074041,53.79958658061372,Clear,4.740557142166724,60.47009174643314,0
40.676370077758115,-74.0470925044258,2025-10-21 19:00:55.411814,19,1,0,1,32.33686921376036,44.92285635525779,Clear,12.342899732080602,30.460931346361534,2
40.697674044991615,-74.00096184304411,2025-10-10 09:02:55.411843,9,4,0,1,-1.538792447115732,76.90741979070177,Rain,14.107711882244072,17.77679151609202,3
40.71227791694996,-74.05687341645447,2025-09-29 19:25:55.411873,19,0,0,1,26.292489718935848,40.80062624836341,Clear,1.7711116844648278,39.50402163338217,1
40.72051881995036,-73.98628331249539,2025-10-04 23:43:55.411902,23,5,1,0,17.868646633326787,31.042787411128778,Clear,6.462613141405571,80.58907209607494,0
40.683837446218064,-74.01471133764038,2025-10-09 07:01:55.411932,7,3,0,1,24.033900233540777,31.798415392360678,Clear,6.158598831823818,35.98806065915791,1
40.75239286462654,-73.98700682400764,2025-10-10 14:18:55.411961,14,4,0,0,22.174328731797228,71.55755713356987,Clear,16.762305792962206,52.76569152594928,0
40.76056769619596,-73.98311710622629,2025-10-14 04:56:55.411990,4,1,0,0,17.403941775505256,85.12066781961025,Rain,12.012190850924721,41.47016907698434,1
40.70735372684827,-74.04107572234778,2025-10-12 03:31:55.412019,3,6,1,0,8.883746722612733,49.08669321708717,Clear,17.328773350552908,70.07021841259575,0
40.7271518154919,-74.0084415663529,2025-10-03 09:47:55.412048,9,4,0,1,29.64087168288357,49.62198969379432,Rain,13.351867711271694,25.63488009167932,2
40.765253969322146,-73.98660055587033,2025-10-23 19:44:55.412078,19,3,0,1,21.25576453471542,62.669345877650976,Clear,0.11517320996243141,34.32879764271045,2
40.672762592844116,-74.05441392349456,2025-10-14 23:59:55.412107,23,1,0,0,-1.533901136037148,44.252647852459646,Rain,7.465035832586802,29.77581933250899,2
40.748409930774294,-73.95368033022713,2025-10-26 05:21:55.412137,5,6,1,0,20.330270429657972,87.08871357995946,Rain,16.943347227451483,52.33051484719658,0
40.714509709715685,-73.99577559047606,2025-09-29 10:00:55.412166,10,0,0,0,-1.8571048247534279,74.81254296814936,Clear,14.309818141985488,33.69326632584736,2
40.69201191423969,-74.04638896687784,2025-10-15 16:19:55.412195,16,2,0,0,25.530732764404796,36.08524970695299,Clear,9.717435183726513,57.589285897867654,0
40.714868438519964,-74.01428928080865,2025-10-18 04:34:55.412225,4,5,1,0,21.634774791674534,73.05814715451777,Clear,7.998104136083124,66.26902335939077,0
40.725944024247696,-74.00270684214848,2025-10-14 16:34:55.412254,16,1,0,0,23.948257444077015,41.07510777222198,Clear,5.9055657844062015,50.91434127558996,0
40.711296580774196,-74.00122996280605,2025-10-15 14:32:55.412283,14,2,0,0,-2.7691269809960772,36.73826066467315,Rain,0.051680296899647704,33.419028676087194,2
40.76303056533786,-73.9956939213047,2025-10-15 00:52:55.412312,0,2,0,0,24.77553716125646,51.64635114663599,Rain,18.11782209575521,60.368386667235804,0
40.70221700395041,-74.00164444151625,2025-10-23 14:16:55.412341,14,3,0,0,28.92263660370134,78.5717985461065,Rain,15.333122704008119,33.1418046420662,2
40.75639681288267,-73.98590259046208,2025-09-30 17:03:55.412370,17,1,0,1,30.9327090545993,62.12148611055965,Clear,3.5689193045554424,23.14724074022296,3
40.706370017765195,-73.99865755710297,2025-10-09 17:17:55.412399,17,3,0,1,6.478355533752751,33.507276846513236,Rain,2.835487870542037,20.638325724201824,3
40.70559116805444,-74.03473616046537,2025-10-01 15:01:55.412431,15,2,0,0,31.04049136483354,89.4753596221313,Clear,2.5678857890825046,41.963254320302696,1
40.705483966231284,-74.05550779282837,2025-10-25 07:30:55.412460,7,5,1,1,12.887013752394623,51.29977834991624,Clear,1.3884768549218673,40.09667817013398,1
40.714854285962716,-73.9996870871674,2025-10-01 04:16:55.412489,4,2,0,0,4.433840292031965,70.80791586620708,Rain,4.616583783080241,35.83268944530652,1
40.74560356697761,-74.0046111847485,2025-10-26 12:17:55.412520,12,6,1,0,13.710711088113074,64.82850040300048,Fog,1.7753478821553692,29.403465367895357,2
40.71974406318945,-74.02156006732774,2025-10-28 08:11:55.412549,8,1,0,1,1.7809526734764596,79.30838663406522,Clear,0.02473359518818885,37.8672613823544,1
40.686378194209745,-74.05203298224339,2025-10-22 12:30:55.412579,12,2,0,0,27.893156118546,70.29350661678224,Fog,1.8585828875877985,28.607607659528718,2
40.76891927548955,-73.98800806080145,2025-10-16 21:25:55.412608,21,3,0,0,15.921769139314558,50.500470113815254,Clear,7.618190510219744,52.980522101071756,0
40.74279155544438,-73.98316669333047,2025-10-19 21:45:55.412637,21,6,1,0,19.037266917979032,82.40019970343087,Rain,3.235284227042192,48.57627845521932,0
40.75791110346808,-73.97941558993745,2025-10-05 19:25:55.412666,19,6,1,1,25.995941132814938,48.280748345882444,Clear,1.6183856610250436,36.589171381542464,1
40.70381532018209,-74.00549464184407,2025-10-15 10:09:55.412695,10,2,0,0,21.704972350404308,79.34883381806165,Clear,2.6504934548369685,55.365098435704034,0
40.767077662992,-73.9916041303471,2025-10-19 10:07:55.412737,10,6,1,0,25.296931329054427,60.15396458780654,Rain,7.973260555446262,47.75974119604662,0
40.71093028697015,-74.00092242329688,2025-10-02 14:35:55.412813,14,3,0,0,20.53988418445793,55.94987269980792,Clear,6.2363226617051915,43.90487797840717,1
40.75745912444278,-73.97969887288318,2025-10-18 04:02:55.412864,4,5,1,0,7.175013788784776,69.01206554388921,Rain,3.040497062572962,38.98238021933996,1
40.7041072613685,-74.05013649027427,2025-10-08 04:51:55.412900,4,2,0,0,15.890688437008158,37.283096365345735,Clear,6.065502951351911,47.86557129069792,0
40.69090416222375,-74.05984298626385,2025-10-03 01:09:55.412932,1,4,0,0,29.12435249259166,67.43375017749831,Clear,10.540829278233034,46.118231814587716,0
40.70247078102014,-74.04069641469616,2025-10-09 07:25:55.412962,7,3,0,1,-1.7382125623469769,58.898090792091736,Rain,3.537742902877088,21.923845143844712,3
40.70233522057376,-73.98850758377957,2025-10-06 03:00:55.412992,3,0,0,0,27.940170735411336,41.38169089048063,Rain,12.37896386015443,38.13862473184002,1
40.7235618332133,-74.01987946060567,2025-10-14 09:23:55.413022,9,1,0,1,12.377585378704179,68.76540740775047,Clear,9.986676699572365,32.49741820156557,2
40.68879911487343,-74.04622946059924,2025-10-18 22:43:55.413054,22,5,1,0,37.11708480142343,52.553297108746165,Clear,7.889525571400706,45.68328054107717,0
40.76929904687396,-74.00109136486448,2025-10-20 01:34:55.413084,1,0,0,0,15.932769169534161,80.45229476555537,Rain,0.7685269792464999,34.64741809072067,2
40.71182691811228,-74.00233542833702,2025-10-27 12:57:55.413114,12,0,0,0,17.430455096465007,57.03717940378547,Clear,17.649188809121995,25.68286428737852,2
40.715392180183436,-73.99506931413387,2025-10-19 12:14:55.413146,12,6,1,0,25.75369627192375,36.322052037168355,Clear,0.711417340710967,59.63861439479881,0
40.70308385961489,-73.99919734620704,2025-10-18 16:06:55.413177,16,5,1,0,31.578148420240097,41.11173407204808,Clear,3.482186706681687,43.83448452564364,1
40.71998953310665,-73.99992868899217,2025-10-27 13:55:55.413209,13,0,0,0,33.111588863181055,52.91637837917375,Clear,4.113745243911103,61.85704154662997,0
40.711625991408454,-73.99637800645405,2025-10-20 21:48:55.413249,21,0,0,0,19.471400457086997,49.3329302066777,Fog,2.5046714086565425,33.52064740114305,2
40.67904786596855,-74.02086366556324,2025-10-13 20:54:55.413285,20,0,0,0,24.213595680490016,39.3983062184285,Snow,0.8747125175993897,29.77934216582731,2
40.69998702326523,-73.98543792870059,2025-10-15 05:36:55.413320,5,2,0,0,8.96791634278317,86.58455026468246,Clear,4.8138542366501,44.05223745444338,1
40.711154369289915,-73.99739526511641,2025-10-06 12:58:55.413374,12,0,0,0,14.169225614310616,81.68219978180616,Rain,16.930286773805562,41.68376433224388,1
40.7288734557602,-73.99711401119669,2025-10-22 21:07:55.413410,21,2,0,0,27.344490334876546,69.36971026086428,Rain,3.5485753893941374,38.01047099053162,1
40.74172504265859,-73.98187509284327,2025-10-12 23:37:55.413442,23,6,1,0,13.176693701425059,35.512253262602684,Rain,19.302594842539932,50.82743752755702,0
40.67979851085563,-74.03646554187634,2025-10-24 04:33:55.413474,4,4,0,0,28.52166788251833,66.71643032023985,Clear,2.118614251169859,45.75800977971889,0
40.69820228658915,-74.04588455983983,2025-10-19 05:48:55.413504,5,6,1,0,7.757017637106342,30.559897189625598,Rain,4.93357729043246,51.15506073958281,0
40.70659154780717,-74.01893535743594,2025-10-10 06:55:55.413535,6,4,0,0,30.779538951057575,74.54088303435054,Snow,16.302367689607358,24.866931852130477,3
40.704067471357995,-74.03253105048198,2025-10-16 07:21:55.413568,7,3,0,1,20.830805142820505,80.39783881693096,Clear,16.653609386940865,24.077509378271866,3
40.763095324439064,-73.98964189558312,2025-10-08 06:47:55.413600,6,2,0,0,11.796561754693043,82.59904570969204,Clear,19.926686752544946,48.79051851392219,0
40.69539037198286,-74.04056088026763,2025-10-05 06:19:55.413630,6,6,1,0,11.249745923437551,30.112793011494638,Clear,3.5674516861465966,74.52887446726902,0
40.754781738456806,-73.9752951500048,2025-10-17 02:44:55.413660,2,4,0,0,17.441186423294685,60.606582749929515,Clear,14.468095312245726,46.060186366975785,0
40.731666146460896,-73.99575937474188,2025-10-14 17:28:55.413690,17,1,0,1,25.92526949201183,46.18924320769286,Rain,16.500988203601242,32.93431486673469,2
40.70630734421924,-74.00511593113708,2025-09-30 22:53:55.413721,22,1,0,0,34.77530081055262,56.41193987732943,Rain,2.949050534125679,48.9272164269229,0
40.687847571043676,-74.02936550256757,2025-10-02 22:39:55.413751,22,3,0,0,26.308116845547776,89.90085068357698,Clear,18.662266626871155,41.56739395706258,1
40.70203309830775,-74.0082648409885,2025-10-07 05:51:55.413780,5,1,0,0,10.405607632765202,80.38813713813704,Rain,7.67665903866088,54.89444626935706,0
40.69903308459362,-74.00088262330921,2025-10-01 00:14:55.413811,0,2,0,0,11.446694856107415,65.14860875831411,Fog,11.72958184377414,37.12646216643354,1
40.75742397413701,-73.97477036052848,2025-10-15 15:53:55.413842,15,2,0,0,18.050547915710418,80.51601400750852,Clear,3.7220283569255463,53.23167714184781,0
40.71228355844835,-74.00627514905051,2025-10-16 03:42:55.413874,3,3,0,0,37.72251596669744,56.21104215691077,Clear,14.590164573047934,38.885869878655654,1
40.75543915582827,-73.9856374450897,2025-10-07 23:16:55.413904,23,1,0,0,28.129571123656493,30.804157585929936,Clear,5.65491379157524,45.35679655502533,0
40.751973384421696,-73.99579250593952,2025-10-17 09:00:55.413946,9,4,0,1,0.6348126549188429,80.6873661771613,Fog,5.362780401910268,24.722586823458673,3
40.733133052986034,-73.99528875426215,2025-10-19 18:51:55.413982,18,6,1,1,12.71843223932213,35.185476645752786,Clear,4.735686186227708,43.58201351771073,1
40.685430857745864,-74.04554481346376,2025-09-29 09:54:55.414013,9,0,0,1,43.55580258568206,88.77305042290541,Rain,2.899301447596341,29.566997977388667,2
40.67855965764799,-74.05057345598766,2025-10-22 13:44:55.414044,13,2,0,0,36.29323336618026,35.330414705253865,Clear,13.675082111540851,44.42718875895919,1
40.714323155135766,-74.01427590220649,2025-10-05 11:02:55.414075,11,6,1,0,20.861438830463747,57.498038491719385,Rain,9.693925742600939,45.16280409459313,0
40.719301903807306,-74.0072317821481,2025-10-11 01:04:55.414106,1,5,1,0,31.19262944775263,74.95702276174659,Clear,5.811751196127101,46.508488869530034,0
40.681050360154345,-74.04463602834446,2025-10-15 14:30:55.414139,14,2,0,0,34.57358558271021,50.38664829371311,Fog,17.44271400044953,32.88273213254854,2
40.77514678458469,-73.98870473404205,2025-10-05 01:06:55.414172,1,6,1,0,25.114155009299537,57.07436065085929,Clear,19.699793122817503,61.47204379193754,0
40.76004869043538,-73.99271462165419,2025-10-18 19:41:55.414206,19,5,1,1,4.8386417989677994,77.9006512934597,Clear,7.438653358337297,29.608142362479107,2
40.68714719725805,-74.0497728594424,2025-10-14 15:51:55.414237,15,1,0,0,14.876703255776963,35.64216626605598,Clear,7.133419482835295,41.866453522110824,1
40.70156098533135,-74.03359597399273,2025-10-05 19:46:55.414268,19,6,1,1,30.63374849570931,63.469211515752086,Rain,3.320686268323909,23.366113635629166,3
40.694034254881146,-74.04784775332107,2025-10-06 07:39:55.414299,7,0,0,1,15.963515367580033,41.053490354281564,Fog,17.87979420015741,19.88470328032262,3
40.678524670857456,-74.04258479036135,2025-10-16 02:11:55.414330,2,3,0,0,22.41238137655348,60.31240641459829,Clear,19.342532305183408,70.62524919243145,0
40.69348307097208,-74.0563901128238,2025-10-20 17:15:55.414360,17,0,0,1,17.447480578977466,30.75645119854554,Snow,11.19511367276765,14.175383298671232,4
40.716057963165824,-74.0140537182705,2025-10-17 05:22:55.414390,5,4,0,0,25.96442339560671,81.49062318942984,Clear,16.38127027723312,55.796331732135755,0
40.77029878561129,-73.98675399018144,2025-09-29 01:08:55.414421,1,0,0,0,33.05969917327189,51.46789591952651,Clear,9.884248945005998,39.934574347203586,1
40.68415225078772,-74.050152847764,2025-09-29 00:10:55.414451,0,0,0,0,15.892913408975833,50.87648469493,Rain,9.007019578108252,32.005582141640716,2
40.77411316051922,-73.98613023201398,2025-10-22 02:49:55.414483,2,2,0,0,32.251323481678746,88.74629628090926,Clear,12.682842765914737,62.17158520825497,0
40.70158619361926,-74.00316712128453,2025-10-14 04:16:55.414534,4,1,0,0,17.410950262959226,43.63077342141089,Clear,16.7408225048588,61.94674144328022,0
40.699325460010535,-74.05450331324606,2025-10-16 02:38:55.414568,2,3,0,0,13.222550294751485,31.991361273745575,Clear,6.078928024814476,63.75866173183957,0
40.76557460781639,-73.98100181343072,2025-10-04 06:42:55.414601,6,5,1,0,17.587423453814576,70.24393871435004,Rain,11.2088126196088,54.9466616373972,0
40.66643008792467,-74.06622669546014,2025-10-10 22:24:55.414633,22,4,0,0,28.474216771504217,88.60801971063955,Snow,2.2144118665263135,19.770728675206055,3
40.71212608764282,-74.00211757352214,2025-10-04 11:35:55.414664,11,5,1,0,13.035802070773965,88.36657937352516,Fog,16.52078103333144,38.592750073818635,1
40.70976852220731,-74.02250473368838,2025-10-15 10:47:55.414696,10,2,0,0,25.320301932924522,56.99053247835356,Rain,4.368863657666142,48.02570559791219,0
40.71061379288842,-74.02300204874548,2025-10-08 10:03:55.414727,10,2,0,0,25.283030346669182,79.47208848522193,Clear,1.4848174597677288,48.80127452577126,0
40.72807723619524,-74.01798104063265,2025-10-21 07:21:55.414758,7,1,0,1,7.2684023075746715,89.34170150101043,Clear,12.523523431862763,33.93366238951735,2
40.72441878302608,-74.00252469623842,2025-10-05 01:00:55.414789,1,6,1,0,31.63508767954987,36.89597982357401,Clear,1.877145696467124,60.84062595735817,0
40.7178109416994,-73.9994671682675,2025-10-19 20:23:55.414819,20,6,1,0,46.875343656969605,55.82564461925941,Snow,6.338931755822386,43.021422934433495,1
40.754214170680896,-73.98587533815194,2025-10-28 08:39:55.414876,8,1,0,1,26.345402880572248,77.32813583432157,Clear,12.792111223553636,24.080166092162603,3
40.684174005393935,-74.04657631052983,2025-10-11 00:05:55.414910,0,5,1,0,2.500221257812033,89.03041877132627,Rain,5.379178916529421,44.5177160305493,1
40.75420447820938,-73.98695165228975,2025-10-26 12:20:55.414940,12,6,1,0,4.071972006475143,57.0279180994691,Snow,9.459426921910204,36.76448712831992,1
40.674700598204836,-74.03487331080414,2025-10-19 12:22:55.414971,12,6,1,0,43.63717869296701,81.24815985903027,Clear,0.9899370698733323,29.79080277122965,2
40.68167843594409,-74.03969853863778,2025-10-18 18:58:55.415001,18,5,1,1,47.30867233223567,47.6093293924873,Rain,18.635074388656328,27.018955716192785,2
40.70528030668261,-74.00496455861361,2025-10-02 09:26:55.415032,9,3,0,1,-1.622192209177932,82.45335148111054,Clear,9.870931606802372,31.279179769426136,2
40.674062856073874,-74.03618650732936,2025-10-22 09:48:55.415062,9,2,0,1,18.185216704208038,72.84195866801139,Clear,12.158104281814076,25.749559398537222,2
40.71426793011986,-74.00455132335343,2025-10-22 00:58:55.415112,0,2,0,0,13.852271348430817,71.1953948095564,Clear,2.2897527613181023,45.1693894831656,0
40.75170846680757,-73.96988601502169,2025-10-01 04:47:55.415146,4,2,0,0,15.090625501286347,34.26045987199533,Clear,1.603600281638069,28.48184598670695,2
40.69361940649569,-74.0327382489476,2025-10-08 13:59:55.415177,13,2,0,0,2.6601647058264746,30.607871041664602,Rain,12.721920928190844,41.34923737573382,1
40.75572654407271,-73.98300087910359,2025-10-26 14:15:55.415210,14,6,1,0,36.86639185804344,79.74106395272946,Rain,19.825264534672662,45.10794974086271,0
40.777909356129946,-73.98696122347752,2025-10-07 21:35:55.415252,21,1,0,0,12.313136859299577,84.60807820692806,Clear,16.16045259813106,53.16942617012163,0
40.70207324390152,-74.05096227309843,2025-10-26 06:15:55.415301,6,6,1,0,37.75310892609512,70.37799734366595,Rain,5.50762348510837,56.21241608335339,0
40.72713422419825,-74.0031130637072,2025-10-05 16:36:55.415335,16,6,1,0,22.603218387712207,84.99811415047245,Rain,8.619704410265925,45.44861196965776,0
40.68845089155345,-74.03052920499266,2025-10-05 16:56:55.415367,16,6,1,0,50.87155150198406,39.93770082169592,Clear,12.914810201912246,56.7308675850685,0
40.69164080004529,-74.00163574870507,2025-10-16 18:30:55.415398,18,3,0,1,33.263421979872206,36.075594876909534,Clear,16.9427897938757,31.365919695787824,2
40.75427903981348,-73.9898383934707,2025-10-06 21:34:55.415429,21,0,0,0,19.85547729121721,60.327307074627,Clear,19.280348142354047,68.91387849550338,0
40.744390267375586,-73.98550571826746,2025-10-27 20:41:55.415460,20,0,0,0,8.213369105287502,37.80286695066832,Clear,16.709604727646553,32.32702646889424,2
40.689932820517846,-74.0058567674179,2025-10-02 23:36:55.415490,23,3,0,0,21.561878229408777,35.29210222739224,Clear,12.1375468315386,45.25226354516292,0
40.74084394527093,-73.97853518788165,2025-10-02 12:02:55.415521,12,3,0,0,15.092278701771193,51.371138827055645,Clear,16.53629947592838,76.32924436929852,0
40.70807909422303,-74.00538884390633,2025-10-01 23:20:55.415552,23,2,0,0,24.939518719937205,50.83662234183045,Clear,11.60935201987392,48.318561814152105,0
40.736141635801275,-73.99499040365002,2025-10-24 19:55:55.415585,19,4,0,1,39.583474542205934,67.23962878947503,Clear,4.0262421564486655,28.76827745107139,2
40.70712294215782,-74.00346260338506,2025-10-11 18:14:55.415615,18,5,1,1,24.676931717654334,62.00319772592175,Clear,17.3993831929537,35.78296125944986,1
40.709368077245024,-74.0072461779619,2025-10-16 17:09:55.415647,17,3,0,1,8.274083911472573,88.8592426897611,Clear,9.668148719462932,31.61476164747064,2
40.73965511838951,-74.00324873044374,2025-10-03 13:49:55.415693,13,4,0,0,39.3638930256891,66.3453181883434,Clear,18.374694212127547,49.16398861409079,0
40.69226937707359,-74.02339645632179,2025-10-24 00:16:55.415727,0,4,0,0,8.314556853433917,65.48440556534928,Clear,16.13178684652554,55.36391372284459,0
40.681255739465314,-74.035645410411,2025-10-12 03:26:55.415760,3,6,1,0,27.891340251466787,85.75544388043376,Clear,0.6109891418675995,47.72126680628042,0
40.681729219206986,-74.0507671722459,2025-10-12 00:40:55.415790,0,6,1,0,28.62393472382759,42.64229783203219,Clear,19.148960380761924,55.08047395376672,0
40.697766171046254,-74.03724904213152,2025-10-17 21:53:55.415824,21,4,0,0,25.161782871149583,74.42856791721115,Clear,2.857005746016772,44.643866615745885,1
40.71425238716782,-74.00822541835915,2025-10-03 15:58:55.415854,15,4,0,0,11.274846844081285,73.38896918787776,Rain,5.606689215830418,41.44466565286691,1
40.753415603281724,-74.00403614666953,2025-10-22 18:05:55.415887,18,2,0,1,22.132937073729387,34.61172451656981,Clear,10.012485361408356,28.85371386031782,2
40.75818554342901,-73.9961166191538,2025-10-26 18:54:55.415918,18,6,1,1,26.362931684386098,81.80404601142011,Rain,8.026120484394244,22.083788798926705,3
40.68726173861227,-74.0599079304243,2025-10-01 21:10:55.415950,21,2,0,0,18.674833204581034,68.42856253055064,Clear,19.57962230349618,58.294748419317486,0
40.71863588469974,-74.0073678327497,2025-10-15 04:07:55.415992,4,2,0,0,30.898355364504333,79.2859194985556,Rain,11.093146960701912,34.386339215001,2
40.756728066499385,-73.97986228890167,2025-10-09 06:36:55.416024,6,3,0,0,2.6181952766345624,37.197221581433396,Clear,18.3358338140467,34.35086630780731,2
40.758619161344065,-73.99034088397934,2025-10-05 00:10:55.416054,0,6,1,0,21.52354872033722,74.918714047572,Clear,6.351735905222333,37.999906025922805,1
40.69850256156242,-74.04260288271274,2025-10-14 22:48:55.416083,22,1,0,0,29.016109145684073,58.01807999781664,Clear,6.8074149261152535,57.06817429313734,0
40.702270349216,-73.99741486846553,2025-10-02 06:19:55.416112,6,3,0,0,21.513976878932073,86.57902900896255,Snow,8.447690443686117,31.10940490157386,2
40.75335128287229,-73.98048487594984,2025-10-21 03:04:55.416141,3,1,0,0,29.03480708540681,38.34695093346525,Snow,5.084627674973912,30.470092013775563,2
40.680897448109626,-74.04052298229493,2025-10-09 06:35:55.416170,6,3,0,0,21.577507810297153,46.13808189572316,Clear,9.508132157001475,44.200629640870744,1
40.68469810735149,-74.07282519570776,2025-09-29 12:19:55.416200,12,0,0,0,20.168907162424837,57.46197630955764,Fog,4.177654480103275,34.023876070233,2
40.745639049409526,-73.99341169885805,2025-10-02 07:38:55.416230,7,3,0,1,34.170438209476174,82.18579060090265,Clear,14.609927219175805,31.319502903635605,2
40.77492253225606,-73.98133590473903,2025-10-17 20:50:55.416276,20,4,0,0,10.979484456424895,74.31584748793983,Clear,6.3125468752669995,59.70941331376861,0
40.71918391925608,-74.01478482836548,2025-10-10 08:26:55.416307,8,4,0,1,5.8746423657899705,33.48551712482099,Snow,2.230244246425528,14.75776535526767,4
40.76678548618317,-73.98006715331184,2025-09-30 01:23:55.416338,1,1,0,0,28.130736316294985,86.93075734986783,Snow,0.6284364302254586,23.505795967365856,3
40.68644489709531,-74.03832969829679,2025-10-22 20:29:55.416368,20,2,0,0,23.673886906306304,32.499409102960946,Clear,7.952951591840723,56.59031348872403,0
40.709514650915374,-74.01363148823144,2025-10-12 16:50:55.416397,16,6,1,0,21.357538799176652,52.95481941423813,Clear,7.354673016102198,39.645851187652944,1
40.70554866906484,-74.01446611709133,2025-10-09 08:36:55.416426,8,3,0,1,27.312465066704064,68.51159753132131,Clear,11.412992477618698,18.673050964497882,3
40.69051102090686,-74.03188066123269,2025-10-13 03:46:55.416455,3,0,0,0,21.79718453098449,66.36879389600878,Rain,5.8228849557035804,48.22142139840826,0
40.71429931670063,-74.0130685713406,2025-10-15 19:13:55.416484,19,2,0,1,19.572962052767167,70.29853689276179,Rain,11.644175195364623,25.497934069415845,2
40.71331626376711,-74.01860164765172,2025-10-21 19:01:55.416515,19,1,0,1,13.836385919605226,41.7499850480562,Clear,2.8160589778535217,33.22254499836686,2
40.76136504778432,-73.99808126885056,2025-10-20 06:49:55.416544,6,0,0,0,35.781068079115144,70.44781773216377,Rain,5.1980995848566565,31.108336344503744,2
40.71746358374447,-74.00269934999187,2025-10-21 02:53:55.416574,2,1,0,0,26.19926332395805,33.73219356988216,Clear,2.946060885579407,47.659801408930186,0
40.70560680009871,-74.00144381380476,2025-10-02 17:22:55.416603,17,3,0,1,18.521430001562695,87.73861217926705,Rain,12.418171804354161,15.892519443221298,3
40.7745833927603,-73.96221052510288,2025-10-11 19:32:55.416634,19,5,1,1,4.432366541212758,81.83769484410061,Clear,9.626667530713299,38.02849245957149,1
40.71682821721083,-74.02975666011092,2025-10-17 23:05:55.416663,23,4,0,0,25.982493746299504,69.5468258681716,Fog,2.1778662796207815,29.12917333407275,2
40.69251843863258,-74.02425690376712,2025-10-16 13:14:55.416692,13,3,0,0,6.368259954071895,34.3848937216209,Clear,12.446865292344922,50.479614459815465,0
40.759091477774156,-73.98594889818503,2025-09-29 00:42:55.416721,0,0,0,0,7.566760715939012,73.09987052232023,Rain,4.946806316381666,43.40709764954429,1
40.71697263447858,-74.00136556927639,2025-10-13 13:25:55.416751,13,0,0,0,25.465226309720393,52.61913251557681,Rain,11.039806042414423,44.49853296498607,1
40.67596728976895,-74.05294716461756,2025-10-28 14:01:55.416780,14,1,0,0,11.819139503894977,54.165863907735115,Rain,17.89285595155269,40.482575316263784,1
40.698165940415734,-74.01331073835051,2025-10-07 03:20:55.416821,3,1,0,0,22.41936369473572,31.95707690049399,Clear,1.1540585683179772,84.958777896001,0
40.6748022578689,-74.03205311953634,2025-10-12 12:41:55.416856,12,6,1,0,0.8383282033412129,54.936233754440124,Fog,16.94543335443719,48.57583218379828,0
40.7202608811954,-74.00158578500509,2025-10-09 07:20:55.416887,7,3,0,1,11.350493483691736,43.49341300895475,Fog,8.627612975481494,17.62331592501069,3
40.7155422204365,-74.05348784048323,2025-09-30 14:14:55.416918,14,1,0,0,6.696863742610102,83.64565815199504,Rain,18.92913026300811,44.393846372013186,1
40.727911549302476,-74.00190971946257,2025-10-01 18:20:55.416948,18,2,0,1,6.744900883175935,41.16815386520088,Clear,6.631293981343875,29.23470527773479,2
40.691189481467966,-74.04928567242015,2025-10-08 05:32:55.416977,5,2,0,0,29.577276536620097,71.6170834484277,Rain,15.422456317037732,19.16628914698293,3
40.762096518259185,-73.9781976319962,2025-10-12 02:42:55.417007,2,6,1,0,-5.5836838325710225,33.278065200058336,Clear,19.461563259446656,38.6569489919218,1
40.68170968529045,-74.03770626717044,2025-10-12 04:03:55.417036,4,6,1,0,8.51205964841344,74.51377961752291,Clear,16.968507581810496,47.64078394913104,0
40.69654218218708,-74.04808609319457,2025-10-23 06:20:55.417067,6,3,0,0,11.759411584609882,89.97263512314566,Clear,8.11502337230122,44.29328651386675,1
40.760320154122546,-73.97012631029067,2025-10-18 15:47:55.417097,15,5,1,0,14.954475629157823,31.240282133514267,Clear,5.38039293596621,45.939961703192516,0
40.74494666273747,-73.98034633965653,2025-10-04 15:35:55.417128,15,5,1,0,18.536576463451638,67.92956995118745,Clear,2.5988274453588245,69.30335275554508,0
40.7224013850648,-74.00648606894873,2025-10-20 17:08:55.417157,17,0,0,1,24.48613103318162,39.54150022441568,Clear,3.6039150825629584,34.27836708555962,2
40.69140381582788,-74.04867779797432,2025-09-29 22:17:55.417186,22,0,0,0,29.422381514973615,31.851474258484348,Clear,1.0379059903682175,47.2555997289098,0
40.70166146900399,-74.00288298197869,2025-10-13 15:07:55.417215,15,0,0,0,15.51231775511369,70.26331703159487,Clear,8.706484429104723,56.418155302416906,0
40.70892900297526,-74.01312494192808,2025-10-07 00:15:55.417256,0,1,0,0,34.444203881536914,31.51160483755376,Rain,16.779946554360215,31.26639299088549,2
40.76344795169642,-73.97619616836481,2025-10-16 22:23:55.417294,22,3,0,0,25.75205016106566,62.78581896467084,Clear,19.340705505122923,49.397110086083885,0
40.669716527405726,-74.04262835979513,2025-10-11 12:47:55.417324,12,5,1,0,22.299264678934303,70.62914474746043,Clear,12.500583721704114,57.83087412245327,0
40.76507005949576,-73.97398421342868,2025-10-12 03:00:55.417354,3,6,1,0,39.347059984333896,79.96982260729627,Clear,18.12174120962521,72.71923660855946,0
40.75467487265578,-73.99736875534514,2025-10-24 12:30:55.417392,12,4,0,0,15.653549102098054,54.69932762740214,Clear,18.69988863677531,46.07685231266097,0
40.72228121439101,-74.01273623141033,2025-10-06 02:31:55.417430,2,0,0,0,17.666327112364655,50.00775561576063,Clear,13.550818910070682,52.64644005121289,0
40.67669931510794,-74.03749074284563,2025-10-16 16:32:55.417461,16,3,0,0,28.551533654820226,36.971457391526755,Fog,15.61991787229983,31.47843622626741,2
40.75622743885577,-73.9839690386218,2025-10-24 17:26:55.417492,17,4,0,1,10.606732621340601,88.73745042246625,Fog,11.109908482117204,20.885382253513257,3
40.74228756837293,-73.98593437969791,2025-10-08 11:59:55.417522,11,2,0,0,5.503547803014699,46.112025364056436,Clear,5.749233297945002,38.91742538184013,1
40.762859356756266,-73.99056680084587,2025-10-14 08:36:55.417552,8,1,0,1,17.28344889673947,65.9426752290229,Clear,12.472975565805323,30.525469313721533,2
40.69933675740544,-74.05572544806245,2025-10-09 20:16:55.417581,20,3,0,0,10.824971789857363,65.86009696216219,Rain,17.32191267223383,49.51929117792935,0
40.71556793449325,-73.99552682293378,2025-09-30 10:25:55.417610,10,1,0,0,31.695899924277736,54.48910145200189,Clear,0.30789783382616953,47.85089644849922,0
40.689869818078186,-74.03692094603889,2025-10-10 13:03:55.417644,13,4,0,0,34.59107157301978,74.36449378987871,Clear,4.293357279450736,57.013241370487435,0
40.75715645742097,-73.98193459673392,2025-10-24 18:48:55.417675,18,4,0,1,21.89660877063421,56.041258362525525,Clear,5.174232843108819,29.858687094754572,2
40.726614540786905,-73.99792469000181,2025-09-30 06:49:55.417706,6,1,0,0,10.267576866274663,35.483489179906584,Rain,3.9854067293360163,53.99667123364336,0
40.68229458947684,-74.02744985852793,2025-09-29 09:17:55.417737,9,0,0,1,16.991966877830713,66.40390348304618,Clear,13.457433371961596,25.29740600648162,2
40.76362002270919,-73.99910419560331,2025-10-22 11:40:55.417768,11,2,0,0,22.067747798344165,67.00701647115247,Snow,14.85762987335878,32.9981106618176,2
40.683004443249786,-74.03377021952234,2025-10-19 18:14:55.417798,18,6,1,1,43.638724946193605,46.13121086293161,Snow,7.368978398331578,20.800624078105326,3
40.76531186662411,-73.99848605799724,2025-10-17 11:15:55.417827,11,4,0,0,26.929186230316112,72.32764981700917,Clear,8.552026674066745,61.069647663026416,0
40.767495878869795,-73.99200386626138,2025-10-25 08:09:55.417857,8,5,1,1,20.040930076754563,59.46574376298991,Clear,18.542212577168545,32.04318862145822,2
40.70363632003469,-74.05149238217285,2025-10-03 15:59:55.417887,15,4,0,0,15.07641926006487,39.627756856273585,Rain,1.409838912862893,36.055017420801825,1
40.76847789735137,-73.97150588580038,2025-10-11 09:55:55.417916,9,5,1,1,17.608763054970414,30.47786428472707,Rain,18.4912211075361,33.73090112734295,2
40.69273430866486,-74.0494274955278,2025-10-17 07:18:55.417945,7,4,0,1,25.694142669010354,78.55946389711573,Rain,15.72715466122963,16.209947612015533,3
40.751094599017705,-73.97872103261834,2025-10-25 14:32:55.417992,14,5,1,0,17.132788252387595,34.658446559326876,Clear,16.577425525059173,43.078307940236115,1
40.69026174969746,-74.04959858537764,2025-09-29 01:24:55.418025,1,0,0,0,-0.7407595976478945,54.870963889007534,Snow,0.26502067007821095,38.68552154707457,1
40.71814778545805,-74.01017366813605,2025-10-17 23:09:55.418055,23,4,0,0,17.049100857620935,39.91706940857745,Rain,0.03984270438140536,32.09752932329584,2
40.76853244987386,-73.99498268858177,2025-10-27 11:48:55.418086,11,0,0,0,2.172952565519765,73.94483188876012,Clear,17.633249646654253,43.23695795283374,1
40.777239226521935,-73.99179386052771,2025-10-22 12:24:55.418116,12,2,0,0,9.795954361677632,40.01586424905009,Clear,4.874589650486836,61.188816202983986,0
40.693650358641165,-74.06035983312238,2025-09-30 23:56:55.418145,23,1,0,0,1.2007561486095497,62.45430023028485,Clear,13.928596140722146,51.125507150082285,0
40.67622831378115,-74.04122178827157,2025-10-24 21:28:55.418174,21,4,0,0,29.242701395378297,61.95024398495891,Clear,2.3078928435783475,50.00445494187545,0
40.70490554639759,-74.0159581539479,2025-10-18 16:19:55.418203,16,5,1,0,26.511362418236573,53.51156239128156,Clear,17.913495552375572,55.97122806096334,0
40.691795735614804,-74.0182920690897,2025-10-19 10:32:55.418232,10,6,1,0,8.880329742258365,67.70558739687522,Clear,13.772632586157512,27.78254343459009,2
40.730386204841956,-74.00238557963053,2025-10-24 01:24:55.418262,1,4,0,0,23.38346666921591,59.10567959877241,Rain,6.672567916737313,42.245091235921095,1
40.71077019362605,-74.00690124740991,2025-10-19 08:37:55.418291,8,6,1,1,30.233855816274012,34.54198363858725,Snow,7.756521798338625,15.90085211933332,3
40.73643110666015,-73.98318460700555,2025-10-27 04:16:55.418320,4,0,0,0,14.40257526404518,34.446325354492025,Fog,7.509378569330007,40.93901617543699,1
40.71899711445966,-74.01854298862936,2025-10-15 15:48:55.418350,15,2,0,0,5.290912428124017,34.12282066343766,Clear,7.391483988535463,31.23447293958126,2
40.70194875041279,-74.04658954155224,2025-10-15 08:26:55.418380,8,2,0,1,41.10135582085623,30.318808540100758,Rain,16.089892848636445,28.305917745058238,2
40.70700947452053,-73.99393448063763,2025-10-07 15:09:55.418410,15,1,0,0,47.50107199580755,51.012179465443815,Clear,13.549468296469458,51.039388341488994,0
40.72786421722002,-74.0174915488424,2025-10-15 10:38:55.418440,10,2,0,0,3.901885463033132,39.5207324213811,Rain,5.164620393323201,33.59215365345833,2
40.68562056168599,-74.02860835580752,2025-10-06 08:01:55.418470,8,0,0,1,22.562577920429344,48.4142707916742,Snow,8.299424308001564,23.288484231146764,3
40.671594214057585,-74.03416074856915,2025-10-21 09:24:55.418499,9,1,0,1,22.853448404432516,82.11837838940554,Clear,14.486888126590793,38.216326035577765,1
40.703412829829524,-74.06268240433997,2025-10-23 15:09:55.418534,15,3,0,0,-0.7374618718653707,87.50987014006441,Clear,8.621737252465788,70.77379995591244,0
40.764219906076114,-73.98350035144226,2025-10-18 08:36:55.418573,8,5,1,1,4.687719368166226,79.55506243896183,Rain,9.262294276750229,41.4032069335025,1
40.76507874800464,-73.97957700062321,2025-09-29 05:45:55.418604,5,0,0,0,26.256309336460006,75.6510798558469,Rain,3.7544481138450414,27.792562249819238,2
40.76345014061382,-74.00209959720684,2025-10-12 17:07:55.418635,17,6,1,1,17.406082440627436,54.91445834004243,Clear,17.769282198458413,31.381496888893878,2
40.69275889377554,-74.05807822462037,2025-10-28 02:43:55.418665,2,1,0,0,16.77435215898023,60.85206240056036,Rain,14.724577650571003,47.84074828056084,0
40.69195221288758,-74.03858015314876,2025-10-07 04:54:55.418696,4,1,0,0,28.95008668060121,88.03581525158194,Rain,16.533041149212806,34.64419499928686,2
40.695324687940136,-74.04547336818662,2025-10-22 00:27:55.418726,0,2,0,0,14.962104158960633,37.804840189736815,Snow,0.4485177832411025,34.54073207992189,2
40.68883120438656,-74.05481734579797,2025-10-01 18:57:55.418755,18,2,0,1,31.133605059439386,37.95867465605719,Clear,10.232714357901543,28.855095567273928,2
40.769350884740845,-73.9674122821674,2025-10-13 07:31:55.418785,7,0,0,1,15.078564848039974,53.353828301507306,Clear,4.57750924966998,31.495851573850373,2
40.66819973492348,-74.03331542355151,2025-10-06 07:17:55.418815,7,0,0,1,25.493156445582287,72.906009677022,Clear,11.863164380789364,32.20589575794853,2
40.69978743829915,-74.04969392986415,2025-10-18 10:17:55.418845,10,5,1,0,21.534409759542715,68.6554034190487,Snow,19.48495308289512,32.849220551349845,2
40.762449682547576,-73.99846008366636,2025-10-11 17:12:55.418874,17,5,1,1,16.10837682914033,32.54053672634303,Rain,11.594523141944496,38.06432243341742,1
40.70879290692517,-74.00779149757663,2025-10-13 06:36:55.418903,6,0,0,0,7.319857926166236,57.29234656817209,Clear,13.714010858672879,51.69072529455187,0
40.76024472842062,-73.9732582747234,2025-09-30 11:13:55.418932,11,1,0,0,22.997745637215644,68.55465661941804,Snow,1.571156618474543,32.63197323810651,2
40.68083822118513,-74.04243353561901,2025-10-15 15:02:55.418961,15,2,0,0,27.384908326063403,44.777161128631896,Rain,13.813595422960132,41.553622897249966,1
40.689214618341914,-74.03237179014968,2025-10-11 18:13:55.418993,18,5,1,1,14.965644408388002,83.07499757527127,Rain,2.5044111903366284,31.344629740351095,2
40.69740344012612,-74.03257503440969,2025-10-28 07:31:55.419023,7,1,0,1,18.798863567886304,33.743644115896636,Fog,6.705581001565914,22.06329399975952,3
40.67914187329638,-74.03956346434694,2025-10-02 14:13:55.419052,14,3,0,0,1.5442036467583833,77.36456531481514,Snow,8.324361176906987,39.82095414067469,1
40.756590897463184,-73.98766179752495,2025-10-16 04:41:55.419082,4,3,0,0,17.58502554129221,88.3846078747379,Clear,15.185850138369473,32.70102168273153,2
40.695054907437495,-74.04898716568665,2025-10-15 17:48:55.419122,17,2,0,1,30.904343413991093,51.22180119484403,Clear,6.049580583358532,22.459431930626163,3
40.71566729839084,-73.9974893078598,2025-10-06 11:32:55.419156,11,0,0,0,35.00571368962669,39.358851821935986,Clear,9.569922325119238,51.99297309992064,0
40.747639080911725,-73.98393561759337,2025-09-29 14:30:55.419187,14,0,0,0,18.98961223118077,56.504789498262426,Clear,19.684689984688678,39.201608462114805,1
40.768731176329766,-73.99049987635726,2025-10-24 18:31:55.419216,18,4,0,1,9.080245253338454,62.83425122523859,Clear,19.83545761958499,24.02194990695718,3
40.70240926433608,-74.03143498182955,2025-10-13 19:25:55.419253,19,0,0,1,39.871309706701055,69.36330131854224,Rain,11.19157708930684,24.835013518491397,3
40.7622081092526,-73.98136518812268,2025-10-10 20:01:55.419290,20,4,0,0,12.912149197534607,54.9687220584364,Rain,10.277014691531958,33.58832823416218,2
40.72905958915362,-74.01833268826297,2025-10-17 16:43:55.419321,16,4,0,0,26.60723394463749,63.15973606660489,Clear,7.4434651049379426,69.04136589573007,0
40.687002495041575,-74.0360288168102,2025-10-08 21:24:55.419351,21,2,0,0,18.036724439746276,66.23105895241667,Clear,11.532280142594356,52.325949082278164,0
40.68357909674696,-74.03211762059354,2025-10-04 08:06:55.419380,8,5,1,1,11.23007405489448,64.39339166697549,Clear,6.752986039984692,44.973124870485485,1
40.70972191528861,-74.0030381519527,2025-10-17 06:53:55.419410,6,4,0,0,23.752169571571624,67.63973610544068,Clear,15.005315278776845,54.08607307701767,0
40.753053822693424,-73.97680870172664,2025-10-12 01:06:55.419439,1,6,1,0,19.726680658939067,32.40354714304167,Clear,5.829218269875877,34.95567577677517,2
40.70285148761892,-74.03707847195624,2025-10-06 18:00:55.419469,18,0,0,1,29.98816644778151,66.91521919694483,Clear,15.208486233649435,32.57774964380205,2
40.690887062610955,-74.04666411174992,2025-10-04 22:07:55.419498,22,5,1,0,38.525647287750495,70.46397910883888,Clear,15.257866711087281,64.31684117228951,0
40.69141491623278,-74.03941731360325,2025-10-26 05:03:55.419527,5,6,1,0,59.262377064363264,33.01458058937893,Snow,0.6982310531244762,53.352350275731354,0
40.710613455885046,-74.00645512245302,2025-09-29 21:11:55.419556,21,0,0,0,15.757636666019565,44.24871340513545,Clear,0.992287466776749,61.99638079185914,0
40.70386506766113,-74.01016194404885,2025-10-12 06:35:55.419585,6,6,1,0,8.699306609596423,78.08674657337721,Clear,7.841871538091453,62.99014406056676,0
40.674926664104845,-74.05884465341849,2025-10-14 10:23:55.419616,10,1,0,0,9.426671828252697,74.96556035884852,Snow,8.6222481019401,31.67171515239551,2
40.70075306717172,-74.00508247515552,2025-10-28 09:51:55.419645,9,1,0,1,22.522403964266772,85.99230526555837,Clear,5.309928148581447,25.783631904524164,2
40.72426879199252,-74.01489240828228,2025-10-05 00:04:55.419674,0,6,1,0,29.55300558237753,46.8969625263379,Rain,19.267206408920757,36.7462996522416,1
40.76469007700149,-73.99174224181354,2025-09-30 22:22:55.419719,22,1,0,0,28.815997459782082,38.535314386608924,Clear,6.263264036595542,29.39301485336086,2
40.70813504620772,-74.0106843384828,2025-09-29 23:04:55.419750,23,0,0,0,8.45305257367134,85.71783372692364,Snow,1.2361692137844527,35.97942306347668,1
40.71578391846567,-74.00514790550366,2025-10-10 02:30:55.419779,2,4,0,0,-9.911359709007233,44.79951694832439,Fog,9.41920504869467,27.332193678935344,2
40.76743808562309,-73.99159053720429,2025-10-05 04:40:55.419809,4,6,1,0,16.533466385698894,86.49197461706646,Clear,15.684123487305337,44.236618247051204,1
40.70667363197916,-74.04720159992382,2025-10-07 04:55:55.419839,4,1,0,0,25.939267344226444,71.46334876435571,Clear,5.432663625487393,40.51083479175163,1
40.7022344235724,-74.00370685871566,2025-10-16 18:40:55.419869,18,3,0,1,37.126677128385694,47.27672056055955,Clear,9.856391690656492,26.82613375161591,2
40.77877275999231,-73.9838715656146,2025-10-12 00:12:55.419899,0,6,1,0,9.913359988331717,84.1447819971662,Clear,6.8791537311537105,43.580219534006275,1
40.69119810433719,-74.02540581347706,2025-10-27 08:53:55.419932,8,0,0,1,28.098893216611167,83.90318799504209,Rain,7.990375691738696,26.608701017616443,2
40.71373372374277,-74.01628096407822,2025-10-03 16:50:55.419962,16,4,0,0,19.028817989248573,88.83409362364341,Clear,4.293917749267109,48.77291066404276,0
40.71882118320393,-74.00176658051392,2025-10-19 14:49:55.419991,14,6,1,0,40.8076590403919,36.195900532502904,Clear,3.4504775389272413,78.19672866304288,0
40.687647409511754,-74.04515974620891,2025-10-19 21:26:55.420020,21,6,1,0,24.506555553346548,50.85112771882528,Rain,1.0069905393870648,51.20809360555102,0
40.71405983954449,-74.0167649726841,2025-10-28 03:54:55.420050,3,1,0,0,22.212861217305324,71.32575244868192,Fog,17.954871330194507,24.46586805019611,3
40.69340117998252,-74.05634304951019,2025-10-05 03:27:55.420079,3,6,1,0,21.97326350614878,80.07545715571632,Clear,7.1666931334334745,54.13929923019561,0
40.710142861623886,-73.99849463884564,2025-10-03 02:52:55.420109,2,4,0,0,26.98220836135479,46.54544426647688,Clear,4.08493517824335,46.98218612950248,0
40.75131147868962,-73.98685781921766,2025-10-07 19:32:55.420138,19,1,0,1,24.082716409020307,44.986329746791185,Rain,13.08320308572197,23.318363457458272,3
40.75678724744849,-73.99230414856804,2025-10-14 08:16:55.420168,8,1,0,1,12.37717492002685,60.738020813224836,Rain,15.471442034614407,26.58589908505204,2
40.702658032673625,-74.04040549478074,2025-10-10 16:10:55.420197,16,4,0,0,21.686913253394327,32.80715069830611,Clear,6.393041105841251,60.318679825348305,0
40.70923261436741,-74.02361366777474,2025-10-24 22:55:55.420229,22,4,0,0,22.99907438367263,43.01737475183277,Clear,5.7601069184808225,65.96048491395555,0
40.674026937843216,-74.04734766977538,2025-10-01 22:50:55.420270,22,2,0,0,13.685152673146987,88.12047633446143,Rain,5.246859335618915,40.79255260738728,1
40.68256806551624,-74.04951971707365,2025-10-05 09:15:55.420304,9,6,1,1,17.36745169736371,48.889549761098934,Clear,0.8610480543133714,19.7558473860508,3
40.69164158434767,-74.0034574172026,2025-10-17 14:19:55.420336,14,4,0,0,16.27911758547045,60.02863895200309,Snow,8.67541132036035,23.00257263684416,3
40.690635879365054,-74.04675656703218,2025-10-02 18:32:55.420367,18,3,0,1,19.14391910528754,46.31991632066136,Clear,0.12758086813181357,18.29338881576825,3
40.71699609972024,-73.99291988084339,2025-10-26 09:34:55.420397,9,6,1,1,8.211833597752031,78.32580258275874,Rain,18.935124893844815,28.25591780481406,2
40.780723565011925,-74.00847754833435,2025-10-08 10:54:55.420427,10,2,0,0,6.332682665170937,48.26955196493705,Rain,3.9619103344057915,33.32959998691524,2
40.748614234744934,-73.99671783843912,2025-10-10 01:31:55.420458,1,4,0,0,17.16861103256233,40.2561841452509,Clear,8.362895763255993,42.84978131969757,1
40.710552543794854,-73.99551292873583,2025-09-29 17:12:55.420488,17,0,0,1,36.55407113088295,39.78114682889317,Clear,4.676256661861283,24.957174385884414,3
40.6919359381634,-74.05423231775328,2025-10-03 03:31:55.420518,3,4,0,0,10.362849321431753,32.15581093115838,Clear,18.53832692662216,48.80737526409752,0
40.68894178814951,-74.05141374497414,2025-10-25 03:21:55.420549,3,5,1,0,30.45134548384269,44.87240152370542,Snow,13.954326151065858,34.860500053891265,2
40.717230021304474,-74.01619506202384,2025-10-19 20:18:55.420580,20,6,1,0,29.344277832313075,84.25459748445391,Clear,7.494439410147528,60.495907587247416,0
40.75287179344216,-73.99100817098736,2025-10-13 05:17:55.420616,5,0,0,0,26.550406137817895,43.56474426063376,Rain,16.346106244264735,39.207245598069846,1
40.72137330765561,-73.99387027270774,2025-10-24 16:46:55.420648,16,4,0,0,7.482423136382577,82.23803288900943,Clear,15.181738651112768,35.58155574000288,1
40.711239602333066,-74.01251064001914,2025-10-12 22:57:55.420679,22,6,1,0,13.660545901065815,47.78352041251701,Clear,18.216053419396264,83.24945876326107,0
40.72554388087332,-74.00678238592343,2025-10-08 07:14:55.420709,7,2,0,1,19.108768704667664,79.64139328956873,Clear,11.696772633777641,24.984030950422298,3
40.69664898449393,-74.05743819401805,2025-10-13 03:33:55.420739,3,0,0,0,7.658788649909296,48.71471433220231,Fog,2.4422303184857586,30.63574961750781,2
40.69260508092742,-74.04306656117404,2025-10-08 11:29:55.420768,11,2,0,0,8.71377002987305,36.3354927585984,Rain,0.9058928722615489,46.89946727644286,0
40.68990248578215,-74.04204103173088,2025-10-14 16:28:55.420798,16,1,0,0,-9.530751006512695,37.036808868026704,Clear,3.381235568794325,41.647142944092415,1
40.69143748319574,-74.02168348163461,2025-10-07 05:53:55.420839,5,1,0,0,13.823583230663033,54.671428552169466,Clear,8.54972908180536,60.52791556902714,0
40.71717313187039,-73.99671954928995,2025-10-25 12:14:55.420877,12,5,1,0,25.428283512706766,63.3714415578007,Snow,15.59033402848127,33.31930281884695,2
40.742273736777484,-73.97957432609343,2025-10-15 21:04:55.420909,21,2,0,0,8.919409618829716,76.85516138316542,Clear,15.82927081779038,48.03993166528309,0
40.759090947199574,-73.97826327578584,2025-10-21 04:38:55.420940,4,1,0,0,19.445526378862073,49.42917449414588,Clear,13.22281356857393,42.79770912481049,1
40.74630018521562,-73.9813999715379,2025-10-27 10:16:55.420970,10,0,0,0,13.055117139723368,36.806449026235,Clear,19.938184371787106,57.614217673969925,0
40.763682022619015,-73.96980633191652,2025-10-02 10:46:55.421003,10,3,0,0,19.047146528549955,70.37082800931267,Rain,14.485090549982665,49.56176537217372,0
40.763995362954354,-73.98124567428259,2025-10-07 18:33:55.421034,18,1,0,1,32.81659216783899,39.954061462247175,Clear,0.49368314449169226,37.001327254139134,1
40.70482186251663,-74.00772801737396,2025-10-11 19:56:55.421064,19,5,1,1,27.71920154836675,38.59688752215847,Clear,14.29437667004072,37.413391801855354,1
40.76764176917238,-73.97205911539953,2025-10-08 16:44:55.421093,16,2,0,0,38.387684237663734,45.21813333084229,Rain,15.126685391657732,27.26285177764538,2
40.70356335405706,-74.0328496789516,2025-10-02 02:43:55.421122,2,3,0,0,7.544060883854451,63.3947057101292,Clear,6.8546185085581435,61.86734620177331,0
40.6573218852396,-74.04162012405072,2025-10-16 03:19:55.421151,3,3,0,0,27.835830685472928,47.29509463004211,Clear,5.975657421085032,49.16606378871116,0
40.69098030734679,-74.03117810889239,2025-09-29 04:47:55.421181,4,0,0,0,22.265919914928105,53.04255830346602,Clear,13.32535722958077,38.478306204799814,1
40.699341682154575,-74.01395689762995,2025-10-24 13:14:55.421211,13,4,0,0,18.161531192781208,33.948705641434586,Clear,17.826364127205974,44.59746996664233,1
40.66923723735128,-74.03302888072892,2025-10-11 12:47:55.421239,12,5,1,0,19.650202498858775,65.53808226372574,Clear,13.893075456203508,56.86687081844908,0
40.719828817985956,-74.00067993801179,2025-10-17 13:55:55.421284,13,4,0,0,23.616610612470165,59.997539517887304,Rain,14.604983790591424,53.85639433094466,0
40.720103270059234,-73.99155287505636,2025-10-27 11:55:55.421315,11,0,0,0,19.61286176619659,43.9524798972513,Clear,4.520663935773042,61.24695856796896,0
40.74907696419623,-73.99363303306826,2025-10-10 13:44:55.421345,13,4,0,0,20.852842334933516,33.42161484021716,Clear,2.1096685492207135,49.46095150994261,0
40.68740393502214,-74.0512392434673,2025-10-07 02:37:55.421374,2,1,0,0,4.747224654839336,65.91570644428025,Clear,13.058993162756845,53.80198369153394,0
40.71415632008776,-74.01299318207828,2025-10-08 00:06:55.421413,0,2,0,0,31.62458286592306,86.49461116403603,Snow,10.594279322167353,23.378172772503614,3
40.721510757288456,-73.99973166342971,2025-10-21 18:30:55.421449,18,1,0,1,21.864879539669506,70.5663015488611,Fog,6.14477923695441,18.8371711108531,3
40.76932360462492,-73.97443316891285,2025-10-26 11:33:55.421480,11,6,1,0,14.785143546442324,58.00368562607703,Clear,1.5344565370577046,52.14959658149187,0
40.7520400195828,-74.00303892497868,2025-10-23 20:49:55.421511,20,3,0,0,6.445524968877107,69.58141637582847,Clear,8.84066841862247,29.350426124152648,2
40.753064365276835,-73.99029933234493,2025-10-06 11:33:55.421541,11,0,0,0,15.079299290513543,45.748235107275875,Clear,10.505168375631666,65.81698968121492,0
40.76620362190334,-73.98712401988631,2025-10-07 15:32:55.421570,15,1,0,0,20.769539902255453,67.19811389244985,Clear,13.963968613529996,45.98012442324365,0
40.71534996750675,-73.99494099575642,2025-10-05 18:13:55.421599,18,6,1,1,14.360525119417566,62.41673359124526,Clear,1.5856056926238349,43.17027823194428,1
40.6993938597696,-74.03075978657867,2025-09-28 22:50:55.421629,22,6,1,0,4.571868579300329,61.41980496327665,Snow,6.382469796409252,37.13071857990243,1
40.68515602576816,-74.05156729763519,2025-10-09 14:31:55.421659,14,3,0,0,28.986484586849006,86.45281017355225,Rain,2.486916828617407,58.171597963382375,0
40.7335775391478,-73.98323237945152,2025-10-05 14:16:55.421690,14,6,1,0,24.726630560767134,58.87667707315422,Clear,16.193500725317787,65.23170467400055,0
40.75534317089742,-73.98149484785056,2025-10-04 09:29:55.421720,9,5,1,1,5.270136122582445,51.09253560298188,Clear,12.207549906366552,42.05403906743993,1
40.67564470500424,-74.04714642686301,2025-10-01 08:19:55.421751,8,2,0,1,6.369216551023062,41.9646958655121,Rain,5.289436333343815,23.14838189659922,3
40.76623645146681,-73.98621018873608,2025-10-26 00:59:55.421781,0,6,1,0,21.212546831039315,54.907496372083266,Clear,0.28661811734002507,59.31484066996735,0
40.71834224703946,-73.9990459752545,2025-10-27 16:56:55.421812,16,0,0,0,8.589914902472618,34.806343596576134,Clear,8.836674096039092,64.00399794795283,0
40.68371833644031,-74.04577654681518,2025-10-02 10:09:55.421842,10,3,0,0,14.3939236315269,60.70244682688205,Clear,9.665885699326504,44.828169161939314,1
40.67748345652682,-74.04323476794981,2025-10-28 13:12:55.421871,13,1,0,0,12.654419031345284,63.96110549326926,Clear,17.56067025688914,50.188190497405984,0
40.772415029034555,-73.99666317112334,2025-10-10 16:23:55.421900,16,4,0,0,42.56272265137851,57.093935196334506,Clear,18.738557274622778,23.509004567329406,3
40.720249914196145,-73.99494368308476,2025-10-18 02:55:55.421930,2,5,1,0,29.217034851003532,32.818379465888384,Rain,18.56103500457696,54.193623603579056,0
40.69422447266729,-74.03302460786406,2025-10-17 13:04:55.421959,13,4,0,0,12.714784459856473,54.82072073911562,Clear,13.059458438158787,40.37810820019315,1
40.717874209278335,-74.01524564114378,2025-10-03 14:58:55.422002,14,4,0,0,4.0240083040456796,44.215439633803406,Rain,1.9393134193084949,40.883117112861584,1
40.76930188564793,-73.97694498977556,2025-10-16 06:08:55.422035,6,3,0,0,19.519114926692275,34.364096866720104,Clear,5.612016264758319,56.207475552794236,0
40.72187618276801,-73.98292979083047,2025-10-01 05:29:55.422066,5,2,0,0,18.212249162170945,74.38097386578649,Rain,12.245515313877448,36.30194175935319,1
40.76715726362947,-73.98118156312003,2025-10-28 08:16:55.422095,8,1,0,1,-2.897155497926299,34.07839798916422,Rain,3.624511220994191,21.097622076022965,3
40.720642997697226,-73.99563808505609,2025-10-08 20:08:55.422127,20,2,0,0,35.35468449934524,64.11313533627673,Clear,1.1835414372708364,53.0612070101196,0
40.7055058197033,-74.04694444329924,2025-10-13 03:06:55.422156,3,0,0,0,9.98641500769449,51.26263097916812,Clear,6.056597779574844,55.08565877358319,0
40.70578485041968,-74.05695520589501,2025-10-20 14:01:55.422187,14,0,0,0,12.700590540979526,69.35419878590398,Snow,3.976281218748059,34.41314552475058,2
40.69636110698081,-74.04403228569159,2025-10-13 09:15:55.422217,9,0,0,1,18.928471189644636,49.833660138377454,Clear,14.894734556584199,26.779661339501825,2
40.69873000422037,-74.02459934861827,2025-10-26 21:17:55.422247,21,6,1,0,13.946545966227186,84.71757505197799,Clear,1.218574434414399,60.73114912619232,0
40.695439042414016,-74.00914690893698,2025-10-19 14:15:55.422277,14,6,1,0,18.017861015578397,49.12137623943141,Snow,2.093519410710667,30.163934090697374,2
40.69032948032442,-74.0533935199308,2025-10-02 12:05:55.422306,12,3,0,0,33.782840936226734,37.522520954032395,Clear,5.072255417194165,43.28437899415737,1
40.69491010587203,-74.02308185069316,2025-10-14 05:22:55.422336,5,1,0,0,28.181728003641165,67.61810607172299,Clear,16.16789764608046,49.56332980259728,0
40.7210664153539,-74.01431954917494,2025-10-03 16:52:55.422365,16,4,0,0,13.617172734715059,44.81142165574397,Clear,6.128308987020727,51.44343467296694,0
40.73142746492358,-74.00528746250089,2025-10-27 01:47:55.422395,1,0,0,0,7.0649237479590425,42.839680721898816,Rain,5.665688069851546,27.55223978945675,2
40.727601087919545,-74.0171257830201,2025-10-19 10:47:55.422426,10,6,1,0,9.696935267056613,45.95986158555948,Snow,6.65561737921591,24.55957956300401,3
40.725399635023415,-74.0053877239153,2025-10-04 03:30:55.422455,3,5,1,0,20.74755323365632,31.136724202461274,Rain,14.718359071039774,57.4986439515678,0
40.70358494603976,-74.02413233286003,2025-10-13 14:21:55.422485,14,0,0,0,9.41389409470801,84.70355261476655,Clear,0.8057789146908423,53.47665246407426,0
40.69118696184381,-74.05990337493121,2025-10-17 21:20:55.422514,21,4,0,0,6.062066335299768,83.17729298734307,Rain,3.0274234252654986,43.80217179177592,1
40.6876546100577,-74.04524955965009,2025-10-03 21:04:55.422553,21,4,0,0,24.85549295302136,67.92115250534619,Clear,14.522225186892738,45.983922893428705,0
40.679034391209875,-74.03628545570747,2025-10-18 22:08:55.422594,22,5,1,0,20.456164293215437,78.72465666052074,Rain,16.50422742519262,41.7893263560037,1
40.67763021524858,-74.05439957792552,2025-09-29 15:38:55.422638,15,0,0,0,19.64992389993764,44.91238925564556,Clear,6.338852435345627,34.91812145646071,2
40.69004058435837,-74.05150652654345,2025-09-29 16:40:55.422669,16,0,0,0,28.826480770131198,84.7091177211655,Snow,1.950153849277505,34.68075603524291,2
40.73803522341628,-73.99556354873371,2025-10-12 04:44:55.422699,4,6,1,0,20.291027083250228,48.72384267912124,Rain,16.04792061107265,48.068913282316245,0
40.75780767569813,-73.98902542558231,2025-10-02 22:04:55.422730,22,3,0,0,26.921195050884908,76.99292727940073,Rain,16.064898093296126,33.34495005260901,2
40.7145791680701,-73.99125953399854,2025-10-24 02:39:55.422761,2,4,0,0,33.31588032487699,48.42873888625269,Rain,17.193591701606657,33.91861555907824,2
40.723299941674505,-74.0042130528319,2025-09-28 22:06:55.422790,22,6,1,0,32.29214784297051,41.3517475434213,Clear,14.407679971728914,55.79147466451804,0
40.71166936535973,-74.01365280061944,2025-10-10 05:49:55.422821,5,4,0,0,-3.9749887112965787,72.3381237821389,Fog,18.443838561025686,45.172976143767286,0
40.68496224544392,-74.05529462114767,2025-10-19 18:23:55.422930,18,6,1,1,7.9758379806529085,34.25495756927876,Rain,6.995921236151839,24.301698094852156,3
40.773404807848955,-73.9859857903082,2025-10-15 11:50:55.423391,11,2,0,0,21.308934879437956,33.36972059419879,Snow,5.112781875907231,35.77977962915699,1
40.75524901777259,-73.99181075426907,2025-10-16 06:47:55.423666,6,3,0,0,18.707547420474818,53.80530338733176,Clear,9.480125318968902,46.30302944028914,0
40.73025871336135,-74.01222034805555,2025-10-09 16:23:55.423741,16,3,0,0,25.827375831738642,79.21519913669339,Clear,12.974942277900363,34.46572201533208,2
40.70994496303029,-74.02618487864389,2025-10-04 22:33:55.423791,22,5,1,0,21.450637459593818,65.76300694565701,Rain,19.91468904102646,32.108458738504304,2
40.718998091075306,-74.009705827624,2025-10-15 00:03:55.423834,0,2,0,0,6.51952888059833,43.17809571567414,Clear,0.00454076436511075,47.71661664700558,0
